2025-06-13_13:53:14.967,1,1,1,1,2.2200,2.2250,2.2250,2.2250,2.2200,0.0000,2.2200,2.2200,-10.2400,-10.2400,-10.2400,-10.2400,-10.2400,-10.2400,-10.2400,-10.2400
2025-06-13_13:53:15.971,1,1,1,1,2.2250,2.2250,2.2250,2.2250,2.2200,0.0000,2.2200,2.2200,-10.2400,-10.2400,-10.2400,-10.2400,-10.2400,-10.2400,-10.2400,-10.2400
2025-06-13_13:53:16.974,1,1,1,1,2.2200,2.2250,2.2250,2.2250,2.2200,0.0000,2.2200,2.2200,-10.2400,-10.2400,-10.2400,-10.2400,-10.2400,-10.2400,-10.2400,-10.2400
2025-06-13_13:53:17.979,1,1,1,1,2.2250,2.2250,2.2250,2.2250,2.2200,0.0000,2.2200,2.2200,-10.2400,-10.2400,-10.2400,-10.2400,-10.2400,-10.2400,-10.2400,-10.2400
2025-06-13_13:53:18.985,1,1,1,1,2.2250,2.2250,2.2250,2.2250,2.2200,0.0000,2.2200,2.2200,-10.2400,-10.2400,-10.2400,-10.2400,-10.2400,-10.2400,-10.2400,-10.2400
2025-06-13_13:53:19.988,1,1,1,1,2.2250,2.2250,2.2250,2.2250,2.2200,0.0000,2.2200,2.2200,-10.2400,-10.2400,-10.2400,-10.2400,-10.2400,-10.2400,-10.2400,-10.2400
2025-06-13_13:53:20.992,1,1,1,1,2.2250,2.2250,2.2250,2.2250,2.2200,0.0000,2.2200,2.2200,-10.2400,-10.2400,-10.2400,-10.2400,-10.2400,-10.2400,-10.2400,-10.2400
2025-06-13_13:53:21.995,1,1,1,1,2.2200,2.2250,2.2250,2.2250,2.2200,0.0000,2.2200,2.2200,-10.2400,-10.2400,-10.2400,-10.2400,-10.2400,-10.2400,-10.2400,-10.2400
2025-06-13_13:53:22.999,1,1,1,1,2.2250,2.2250,2.2250,2.2250,2.2200,0.0000,2.2200,2.2200,-10.2400,-10.2400,-10.2400,-10.2400,-10.2400,-10.2400,-10.2400,-10.2400
2025-06-13_13:53:24.002,1,1,1,1,2.2200,2.2250,2.2250,2.2250,2.2200,0.0000,2.2200,2.2200,-10.2400,-10.2400,-10.2400,-10.2400,-10.2400,-10.2400,-10.2400,-10.2400
2025-06-13_13:53:25.007,1,1,1,1,2.2250,2.2250,2.2250,2.2250,2.2200,0.0000,2.2200,2.2200,-10.2400,-10.2400,-10.2400,-10.2400,-10.2400,-10.2400,-10.2400,-10.2400
2025-06-13_13:53:26.011,1,1,1,1,2.2200,2.2250,2.2250,2.2250,2.2200,0.0000,2.2200,2.2200,-10.2400,-10.2400,-10.2400,-10.2400,-10.2400,-10.2400,-10.2400,-10.2400
2025-06-13_13:53:27.015,1,1,1,1,2.2200,2.2250,2.2250,2.2250,2.2200,0.0000,2.2200,2.2200,-10.2400,-10.2400,-10.2400,-10.2400,-10.2400,-10.2400,-10.2400,-10.2400
2025-06-13_13:53:28.019,1,1,1,1,2.2250,2.2250,2.2200,2.2250,2.2200,0.0000,2.2200,2.2200,-10.2400,-10.2400,-10.2400,-10.2400,-10.2400,-10.2400,-10.2400,-10.2400
2025-06-13_13:53:29.023,1,1,1,1,2.2250,2.2250,2.2250,2.2250,2.2200,0.0000,2.2200,2.2200,-10.2400,-10.2400,-10.2400,-10.2400,-10.2400,-10.2400,-10.2400,-10.2400
2025-06-13_13:53:30.026,1,1,1,1,2.2250,2.2250,2.2250,2.2250,2.2200,0.0000,2.2200,2.2200,-10.2400,-10.2400,-10.2400,-10.2400,-10.2400,-10.2400,-10.2400,-10.2400
2025-06-13_13:53:31.031,1,1,1,1,2.2250,2.2250,2.2250,2.2250,2.2200,0.0000,2.2200,2.2200,-10.2400,-10.2400,-10.2400,-10.2400,-10.2400,-10.2400,-10.2400,-10.2400
2025-06-13_13:53:32.036,1,1,1,1,2.2200,2.2250,2.2250,2.2250,2.2200,0.0000,2.2200,2.2200,-10.2400,-10.2400,-10.2400,-10.2400,-10.2400,-10.2400,-10.2400,-10.2400
2025-06-13_13:53:33.042,1,1,1,1,2.2200,2.2250,2.2250,2.2250,2.2200,0.0000,2.2200,2.2200,-10.2400,-10.2400,-10.2400,-10.2400,-10.2400,-10.2400,-10.2400,-10.2400
2025-06-13_13:53:34.048,1,1,1,1,2.2200,2.2250,2.2250,2.2250,2.2200,0.0000,2.2200,2.2200,-10.2400,-10.2400,-10.2400,-10.2400,-10.2400,-10.2400,-10.2400,-10.2400
2025-06-13_13:53:35.053,1,1,1,1,2.2250,2.2250,2.2250,2.2250,2.2200,0.0000,2.2200,2.2200,-10.2400,-10.2400,-10.2400,-10.2400,-10.2400,-10.2400,-10.2400,-10.2400
2025-06-13_13:53:36.058,1,1,1,1,2.2200,2.2250,2.2250,2.2250,2.2200,0.0000,2.2200,2.2200,-10.2400,-10.2400,-10.2400,-10.2400,-10.2400,-10.2400,-10.2400,-10.2400
2025-06-13_13:53:37.064,1,1,1,1,2.2200,2.2250,2.2250,2.2250,2.2200,0.0000,2.2200,2.2200,-10.2400,-10.2400,-10.2400,-10.2400,-10.2400,-10.2400,-10.2400,-10.2400
2025-06-13_13:53:38.070,1,1,1,1,2.2250,2.2250,2.2250,2.2250,2.2200,0.0000,2.2200,2.2200,-10.2400,-10.2400,-10.2400,-10.2400,-10.2400,-10.2400,-10.2400,-10.2400
2025-06-13_13:53:39.074,1,1,1,1,2.2200,2.2250,2.2250,2.2250,2.2200,0.0000,2.2200,2.2200,-10.2400,-10.2400,-10.2400,-10.2400,-10.2400,-10.2400,-10.2400,-10.2400
2025-06-13_13:53:40.079,1,1,1,1,2.2200,2.2250,2.2250,2.2250,2.2200,0.0000,2.2200,2.2200,-10.2400,-10.2400,-10.2400,-10.2400,-10.2400,-10.2400,-10.2400,-10.2400
2025-06-13_13:53:41.084,1,1,1,1,2.2200,2.2250,2.2250,2.2250,2.2200,0.0000,2.2200,2.2200,-10.2400,-10.2400,-10.2400,-10.2400,-10.2400,-10.2400,-10.2400,-10.2400
2025-06-13_13:53:42.087,1,1,1,1,2.2250,2.2250,2.2250,2.2250,2.2200,0.0000,2.2200,2.2200,-10.2400,-10.2400,-10.2400,-10.2400,-10.2400,-10.2400,-10.2400,-10.2400
2025-06-13_13:53:43.092,1,1,1,1,2.2250,2.2250,2.2250,2.2250,2.2200,0.0000,2.2200,2.2200,-10.2400,-10.2400,-10.2400,-10.2400,-10.2400,-10.2400,-10.2400,-10.2400
2025-06-13_13:53:44.097,1,1,1,1,2.2200,2.2250,2.2250,2.2250,2.2200,0.0000,2.2200,2.2200,-10.2400,-10.2400,-10.2400,-10.2400,-10.2400,-10.2400,-10.2400,-10.2400
2025-06-13_13:53:45.101,1,1,1,1,2.2250,2.2250,2.2250,2.2250,2.2200,0.0000,2.2200,2.2200,-10.2400,-10.2400,-10.2400,-10.2400,-10.2400,-10.2400,-10.2400,-10.2400
2025-06-13_13:53:46.106,1,1,1,1,2.2200,2.2250,2.2250,2.2250,2.2200,0.0000,2.2200,2.2200,-10.2400,-10.2400,-10.2400,-10.2400,-10.2400,-10.2400,-10.2400,-10.2400
2025-06-13_13:53:47.111,1,1,1,1,2.2250,2.2250,2.2250,2.2250,2.2200,0.0000,2.2200,2.2200,-10.2400,-10.2400,-10.2400,-10.2400,-10.2400,-10.2400,-10.2400,-10.2400
2025-06-13_13:53:48.116,1,1,1,1,2.2200,2.2250,2.2250,2.2250,2.2200,0.0000,2.2200,2.2200,-10.2400,-10.2400,-10.2400,-10.2400,-10.2400,-10.2400,-10.2400,-10.2400
2025-06-13_13:53:49.121,1,1,1,1,2.2250,2.2250,2.2250,2.2250,2.2200,0.0000,2.2200,2.2200,-10.2400,-10.2400,-10.2400,-10.2400,-10.2400,-10.2400,-10.2400,-10.2400
2025-06-13_13:53:50.125,1,1,1,1,2.2200,2.2250,2.2250,2.2250,2.2200,0.0000,2.2200,2.2200,-10.2400,-10.2400,-10.2400,-10.2400,-10.2400,-10.2400,-10.2400,-10.2400
2025-06-13_13:53:51.129,1,1,1,1,2.2200,2.2250,2.2250,2.2250,2.2200,0.0000,2.2200,2.2200,-10.2400,-10.2400,-10.2400,-10.2400,-10.2400,-10.2400,-10.2400,-10.2400
2025-06-13_13:53:52.133,1,1,1,1,2.2200,2.2250,2.2250,2.2250,2.2200,0.0000,2.2200,2.2200,-10.2400,-10.2400,-10.2400,-10.2400,-10.2400,-10.2400,-10.2400,-10.2400
2025-06-13_13:53:53.138,1,1,1,1,2.2200,2.2250,2.2250,2.2250,2.2200,0.0000,2.2200,2.2200,-10.2400,-10.2400,-10.2400,-10.2400,-10.2400,-10.2400,-10.2400,-10.2400
2025-06-13_13:53:54.143,1,1,1,1,2.2200,2.2250,2.2250,2.2250,2.2200,0.0000,2.2200,2.2200,-10.2400,-10.2400,-10.2400,-10.2400,-10.2400,-10.2400,-10.2400,-10.2400
2025-06-13_13:53:55.148,1,1,1,1,2.2200,2.2250,2.2250,2.2250,2.2200,0.0000,2.2200,2.2200,-10.2400,-10.2400,-10.2400,-10.2400,-10.2400,-10.2400,-10.2400,-10.2400
2025-06-13_13:53:56.153,1,1,1,1,2.2200,2.2250,2.2250,2.2250,2.2200,0.0000,2.2200,2.2200,-10.2400,-10.2400,-10.2400,-10.2400,-10.2400,-10.2400,-10.2400,-10.2400
2025-06-13_13:53:57.158,1,1,1,1,2.2250,2.2250,2.2250,2.2250,2.2200,0.0000,2.2200,2.2200,-10.2400,-10.2400,-10.2400,-10.2400,-10.2400,-10.2400,-10.2400,-10.2400
2025-06-13_13:53:58.164,1,1,1,1,2.2250,2.2250,2.2250,2.2250,2.2200,0.0000,2.2200,2.2200,-10.2400,-10.2400,-10.2400,-10.2400,-10.2400,-10.2400,-10.2400,-10.2400
2025-06-13_13:53:59.167,1,1,1,1,2.2250,2.2250,2.2200,2.2250,2.2200,0.0000,2.2200,2.2200,-10.2400,-10.2400,-10.2400,-10.2400,-10.2400,-10.2400,-10.2400,-10.2400
2025-06-13_13:54:00.172,1,1,1,1,2.2200,2.2250,2.2250,2.2250,2.2200,0.0000,2.2200,2.2200,-10.2400,-10.2400,-10.2400,-10.2400,-10.2400,-10.2400,-10.2400,-10.2400
2025-06-13_13:54:01.177,1,1,1,1,2.2200,2.2250,2.2250,2.2250,2.2200,0.0000,2.2200,2.2200,-10.2400,-10.2400,-10.2400,-10.2400,-10.2400,-10.2400,-10.2400,-10.2400
2025-06-13_13:54:02.180,1,1,1,1,2.2200,2.2250,2.2250,2.2250,2.2200,0.0000,2.2200,2.2200,-10.2400,-10.2400,-10.2400,-10.2400,-10.2400,-10.2400,-10.2400,-10.2400
2025-06-13_13:54:03.184,1,1,1,1,2.2200,2.2250,2.2250,2.2250,2.2200,0.0000,2.2200,2.2200,-10.2400,-10.2400,-10.2400,-10.2400,-10.2400,-10.2400,-10.2400,-10.2400
2025-06-13_13:54:04.188,1,1,1,1,2.2250,2.2250,2.2250,2.2250,2.2200,0.0000,2.2200,2.2200,-10.2400,-10.2400,-10.2400,-10.2400,-10.2400,-10.2400,-10.2400,-10.2400
2025-06-13_13:54:05.192,1,1,1,1,2.2200,2.2250,2.2250,2.2250,2.2200,0.0000,2.2200,2.2200,-10.2400,-10.2400,-10.2400,-10.2400,-10.2400,-10.2400,-10.2400,-10.2400
2025-06-13_13:54:06.197,1,1,1,1,2.2200,2.2250,2.2250,2.2250,2.2200,0.0000,2.2200,2.2200,-10.2400,-10.2400,-10.2400,-10.2400,-10.2400,-10.2400,-10.2400,-10.2400
2025-06-13_13:54:07.201,1,1,1,1,2.2250,2.2250,2.2250,2.2250,2.2200,0.0000,2.2200,2.2200,-10.2400,-10.2400,-10.2400,-10.2400,-10.2400,-10.2400,-10.2400,-10.2400
2025-06-13_13:54:08.205,1,1,1,1,2.2200,2.2250,2.2250,2.2250,2.2200,0.0000,2.2200,2.2200,-10.2400,-10.2400,-10.2400,-10.2400,-10.2400,-10.2400,-10.2400,-10.2400
2025-06-13_13:54:09.210,1,1,1,1,2.2250,2.2250,2.2250,2.2250,2.2200,0.0000,2.2200,2.2200,-10.2400,-10.2400,-10.2400,-10.2400,-10.2400,-10.2400,-10.2400,-10.2400
2025-06-13_13:54:10.214,1,1,1,1,2.2250,2.2250,2.2250,2.2250,2.2200,0.0000,2.2200,2.2200,-10.2400,-10.2400,-10.2400,-10.2400,-10.2400,-10.2400,-10.2400,-10.2400
2025-06-13_13:54:11.217,1,1,1,1,2.2250,2.2250,2.2250,2.2250,2.2200,0.0000,2.2200,2.2200,-10.2400,-10.2400,-10.2400,-10.2400,-10.2400,-10.2400,-10.2400,-10.2400
2025-06-13_13:54:12.220,1,1,1,1,2.2250,2.2250,2.2250,2.2250,2.2200,0.0000,2.2200,2.2200,-10.2400,-10.2400,-10.2400,-10.2400,-10.2400,-10.2400,-10.2400,-10.2400
2025-06-13_13:54:13.223,1,1,1,1,2.2250,2.2250,2.2250,2.2250,2.2200,0.0000,2.2200,2.2200,-10.2400,-10.2400,-10.2400,-10.2400,-10.2400,-10.2400,-10.2400,-10.2400
2025-06-13_13:54:14.226,1,1,1,1,2.2250,2.2250,2.2250,2.2250,2.2200,0.0000,2.2200,2.2200,-10.2400,-10.2400,-10.2400,-10.2400,-10.2400,-10.2400,-10.2400,-10.2400
2025-06-13_13:54:15.231,1,1,1,1,2.2250,2.2250,2.2250,2.2250,2.2200,0.0000,2.2200,2.2200,-10.2400,-10.2400,-10.2400,-10.2400,-10.2400,-10.2400,-10.2400,-10.2400
2025-06-13_13:54:16.236,1,1,1,1,2.2200,2.2250,2.2250,2.2250,2.2200,0.0000,2.2200,2.2200,-10.2400,-10.2400,-10.2400,-10.2400,-10.2400,-10.2400,-10.2400,-10.2400
2025-06-13_13:54:17.239,1,1,1,1,2.2250,2.2250,2.2250,2.2250,2.2200,0.0000,2.2200,2.2200,-10.2400,-10.2400,-10.2400,-10.2400,-10.2400,-10.2400,-10.2400,-10.2400
2025-06-13_13:54:18.244,1,1,1,1,2.2200,2.2250,2.2250,2.2250,2.2200,0.0000,2.2200,2.2200,-10.2400,-10.2400,-10.2400,-10.2400,-10.2400,-10.2400,-10.2400,-10.2400
2025-06-13_13:54:19.248,1,1,1,1,2.2200,2.2250,2.2250,2.2250,2.2200,0.0000,2.2200,2.2200,-10.2400,-10.2400,-10.2400,-10.2400,-10.2400,-10.2400,-10.2400,-10.2400
2025-06-13_13:54:20.252,1,1,1,1,2.2250,2.2250,2.2250,2.2250,2.2200,0.0000,2.2200,2.2200,-10.2400,-10.2400,-10.2400,-10.2400,-10.2400,-10.2400,-10.2400,-10.2400
2025-06-13_13:54:21.256,1,1,1,1,2.2200,2.2250,2.2250,2.2250,2.2200,0.0000,2.2200,2.2200,-10.2400,-10.2400,-10.2400,-10.2400,-10.2400,-10.2400,-10.2400,-10.2400
2025-06-13_13:54:22.261,1,1,1,1,2.2250,2.2250,2.2250,2.2250,2.2200,0.0000,2.2200,2.2200,-10.2400,-10.2400,-10.2400,-10.2400,-10.2400,-10.2400,-10.2400,-10.2400
2025-06-13_13:54:23.266,1,1,1,1,2.2250,2.2250,2.2250,2.2250,2.2200,0.0000,2.2200,2.2200,-10.2400,-10.2400,-10.2400,-10.2400,-10.2400,-10.2400,-10.2400,-10.2400
2025-06-13_13:54:24.269,1,1,1,1,2.2200,2.2250,2.2250,2.2250,2.2200,0.0000,2.2200,2.2200,-10.2400,-10.2400,-10.2400,-10.2400,-10.2400,-10.2400,-10.2400,-10.2400
2025-06-13_13:54:25.273,1,1,1,1,2.2250,2.2250,2.2250,2.2250,2.2200,0.0000,2.2200,2.2200,-10.2400,-10.2400,-10.2400,-10.2400,-10.2400,-10.2400,-10.2400,-10.2400
2025-06-13_13:54:26.278,1,1,1,1,2.2200,2.2250,2.2250,2.2250,2.2200,0.0000,2.2200,2.2200,-10.2400,-10.2400,-10.2400,-10.2400,-10.2400,-10.2400,-10.2400,-10.2400
2025-06-13_13:54:27.282,1,1,1,1,2.2200,2.2250,2.2250,2.2250,2.2200,0.0000,2.2200,2.2200,-10.2400,-10.2400,-10.2400,-10.2400,-10.2400,-10.2400,-10.2400,-10.2400
2025-06-13_13:54:28.286,1,1,1,1,2.2250,2.2250,2.2250,2.2250,2.2200,0.0000,2.2200,2.2200,-10.2400,-10.2400,-10.2400,-10.2400,-10.2400,-10.2400,-10.2400,-10.2400
2025-06-13_13:54:29.290,1,1,1,1,2.2200,2.2250,2.2250,2.2250,2.2200,0.0000,2.2200,2.2200,-10.2400,-10.2400,-10.2400,-10.2400,-10.2400,-10.2400,-10.2400,-10.2400
2025-06-13_13:54:30.294,1,1,1,1,2.2250,2.2250,2.2250,2.2250,2.2200,0.0000,2.2200,2.2200,-10.2400,-10.2400,-10.2400,-10.2400,-10.2400,-10.2400,-10.2400,-10.2400
2025-06-13_13:54:31.298,1,1,1,1,2.2200,2.2250,2.2250,2.2250,2.2200,0.0000,2.2200,2.2200,-10.2400,-10.2400,-10.2400,-10.2400,-10.2400,-10.2400,-10.2400,-10.2400
2025-06-13_13:54:32.302,1,1,1,1,2.2250,2.2250,2.2250,2.2250,2.2200,0.0000,2.2200,2.2200,-10.2400,-10.2400,-10.2400,-10.2400,-10.2400,-10.2400,-10.2400,-10.2400
2025-06-13_13:54:33.307,1,1,1,1,2.2200,2.2250,2.2250,2.2250,2.2200,0.0000,2.2200,2.2200,-10.2400,-10.2400,-10.2400,-10.2400,-10.2400,-10.2400,-10.2400,-10.2400
2025-06-13_13:54:34.311,1,1,1,1,2.2200,2.2250,2.2250,2.2250,2.2200,0.0000,2.2200,2.2200,-10.2400,-10.2400,-10.2400,-10.2400,-10.2400,-10.2400,-10.2400,-10.2400
2025-06-13_13:54:35.316,1,1,1,1,2.2200,2.2250,2.2250,2.2250,2.2200,0.0000,2.2200,2.2200,-10.2400,-10.2400,-10.2400,-10.2400,-10.2400,-10.2400,-10.2400,-10.2400
2025-06-13_13:54:36.320,1,1,1,1,2.2200,2.2250,2.2250,2.2250,2.2200,0.0000,2.2200,2.2200,-10.2400,-10.2400,-10.2400,-10.2400,-10.2400,-10.2400,-10.2400,-10.2400
2025-06-13_13:54:37.324,1,1,1,1,2.2250,2.2250,2.2250,2.2250,2.2200,0.0000,2.2200,2.2200,-10.2400,-10.2400,-10.2400,-10.2400,-10.2400,-10.2400,-10.2400,-10.2400
2025-06-13_13:54:38.327,1,1,1,1,2.2200,2.2250,2.2250,2.2250,2.2200,0.0000,2.2200,2.2200,-10.2400,-10.2400,-10.2400,-10.2400,-10.2400,-10.2400,-10.2400,-10.2400
2025-06-13_13:54:39.331,1,1,1,1,2.2250,2.2250,2.2250,2.2250,2.2200,0.0000,2.2200,2.2200,-10.2400,-10.2400,-10.2400,-10.2400,-10.2400,-10.2400,-10.2400,-10.2400
2025-06-13_13:54:40.334,1,1,1,1,2.2200,2.2250,2.2250,2.2250,2.2200,0.0000,2.2200,2.2200,-10.2400,-10.2400,-10.2400,-10.2400,-10.2400,-10.2400,-10.2400,-10.2400
2025-06-13_13:54:41.339,1,1,1,1,2.2200,2.2250,2.2250,2.2250,2.2200,0.0000,2.2200,2.2200,-10.2400,-10.2400,-10.2400,-10.2400,-10.2400,-10.2400,-10.2400,-10.2400
2025-06-13_13:54:42.344,1,1,1,1,2.2200,2.2250,2.2250,2.2250,2.2200,0.0000,2.2200,2.2200,-10.2400,-10.2400,-10.2400,-10.2400,-10.2400,-10.2400,-10.2400,-10.2400
2025-06-13_13:54:43.349,1,1,1,1,2.2200,2.2250,2.2250,2.2250,2.2200,0.0000,2.2200,2.2200,-10.2400,-10.2400,-10.2400,-10.2400,-10.2400,-10.2400,-10.2400,-10.2400
2025-06-13_13:54:44.353,1,1,1,1,2.2200,2.2250,2.2250,2.2250,2.2200,0.0000,2.2200,2.2200,-10.2400,-10.2400,-10.2400,-10.2400,-10.2400,-10.2400,-10.2400,-10.2400
2025-06-13_13:54:45.357,1,1,1,1,2.2250,2.2250,2.2250,2.2250,2.2200,0.0000,2.2200,2.2200,-10.2400,-10.2400,-10.2400,-10.2400,-10.2400,-10.2400,-10.2400,-10.2400
2025-06-13_13:54:46.361,1,1,1,1,2.2200,2.2250,2.2250,2.2250,2.2200,0.0000,2.2200,2.2200,-10.2400,-10.2400,-10.2400,-10.2400,-10.2400,-10.2400,-10.2400,-10.2400
2025-06-13_13:54:47.365,1,1,1,1,2.2250,2.2250,2.2250,2.2250,2.2200,0.0000,2.2200,2.2200,-10.2400,-10.2400,-10.2400,-10.2400,-10.2400,-10.2400,-10.2400,-10.2400
2025-06-13_13:54:48.369,1,1,1,1,2.2250,2.2250,2.2250,2.2250,2.2200,0.0000,2.2200,2.2200,-10.2400,-10.2400,-10.2400,-10.2400,-10.2400,-10.2400,-10.2400,-10.2400
2025-06-13_13:54:49.372,1,1,1,1,2.2200,2.2250,2.2250,2.2250,2.2200,0.0000,2.2200,2.2200,-10.2400,-10.2400,-10.2400,-10.2400,-10.2400,-10.2400,-10.2400,-10.2400
2025-06-13_13:54:50.376,1,1,1,1,2.2250,2.2250,2.2250,2.2250,2.2200,0.0000,2.2200,2.2200,-10.2400,-10.2400,-10.2400,-10.2400,-10.2400,-10.2400,-10.2400,-10.2400
2025-06-13_13:54:51.380,1,1,1,1,2.2250,2.2250,2.2250,2.2250,2.2200,0.0000,2.2200,2.2200,-10.2400,-10.2400,-10.2400,-10.2400,-10.2400,-10.2400,-10.2400,-10.2400
2025-06-13_13:54:52.385,1,1,1,1,2.2200,2.2250,2.2250,2.2250,2.2200,0.0000,2.2200,2.2200,-10.2400,-10.2400,-10.2400,-10.2400,-10.2400,-10.2400,-10.2400,-10.2400
2025-06-13_13:54:53.389,1,1,1,1,2.2200,2.2250,2.2250,2.2250,2.2200,0.0000,2.2200,2.2200,-10.2400,-10.2400,-10.2400,-10.2400,-10.2400,-10.2400,-10.2400,-10.2400
2025-06-13_13:54:54.393,1,1,1,1,2.2250,2.2250,2.2250,2.2250,2.2200,0.0000,2.2200,2.2200,-10.2400,-10.2400,-10.2400,-10.2400,-10.2400,-10.2400,-10.2400,-10.2400
2025-06-13_13:54:55.398,1,1,1,1,2.2250,2.2250,2.2250,2.2250,2.2200,0.0000,2.2200,2.2200,-10.2400,-10.2400,-10.2400,-10.2400,-10.2400,-10.2400,-10.2400,-10.2400
2025-06-13_13:54:56.402,1,1,1,1,2.2250,2.2250,2.2250,2.2250,2.2200,0.0000,2.2200,2.2200,-10.2400,-10.2400,-10.2400,-10.2400,-10.2400,-10.2400,-10.2400,-10.2400
2025-06-13_13:54:57.407,1,1,1,1,2.2250,2.2250,2.2250,2.2250,2.2200,0.0000,2.2200,2.2200,-10.2400,-10.2400,-10.2400,-10.2400,-10.2400,-10.2400,-10.2400,-10.2400
2025-06-13_13:54:58.412,1,1,1,1,2.2250,2.2250,2.2250,2.2250,2.2200,0.0000,2.2200,2.2200,-10.2400,-10.2400,-10.2400,-10.2400,-10.2400,-10.2400,-10.2400,-10.2400
2025-06-13_13:54:59.415,1,1,1,1,2.2200,2.2250,2.2250,2.2250,2.2200,0.0000,2.2200,2.2200,-10.2400,-10.2400,-10.2400,-10.2400,-10.2400,-10.2400,-10.2400,-10.2400
2025-06-13_13:55:00.420,1,1,1,1,2.2200,2.2250,2.2250,2.2250,2.2200,0.0000,2.2200,2.2200,-10.2400,-10.2400,-10.2400,-10.2400,-10.2400,-10.2400,-10.2400,-10.2400
2025-06-13_13:55:01.425,1,1,1,1,2.2200,2.2250,2.2250,2.2250,2.2200,0.0000,2.2200,2.2200,-10.2400,-10.2400,-10.2400,-10.2400,-10.2400,-10.2400,-10.2400,-10.2400
2025-06-13_13:55:02.429,1,1,1,1,2.2200,2.2250,2.2250,2.2250,2.2200,0.0000,2.2200,2.2200,-10.2400,-10.2400,-10.2400,-10.2400,-10.2400,-10.2400,-10.2400,-10.2400
2025-06-13_13:55:03.435,1,1,1,1,2.2250,2.2250,2.2250,2.2250,2.2200,0.0000,2.2200,2.2200,-10.2400,-10.2400,-10.2400,-10.2400,-10.2400,-10.2400,-10.2400,-10.2400
2025-06-13_13:55:04.439,1,1,1,1,2.2250,2.2250,2.2250,2.2250,2.2200,0.0000,2.2200,2.2200,-10.2400,-10.2400,-10.2400,-10.2400,-10.2400,-10.2400,-10.2400,-10.2400
2025-06-13_13:55:05.444,1,1,1,1,2.2250,2.2250,2.2250,2.2250,2.2200,0.0000,2.2200,2.2200,-10.2400,-10.2400,-10.2400,-10.2400,-10.2400,-10.2400,-10.2400,-10.2400
2025-06-13_13:55:06.449,1,1,1,1,2.2200,2.2250,2.2250,2.2250,2.2200,0.0000,2.2200,2.2200,-10.2400,-10.2400,-10.2400,-10.2400,-10.2400,-10.2400,-10.2400,-10.2400
2025-06-13_13:55:07.453,1,1,1,1,2.2200,2.2250,2.2250,2.2250,2.2200,0.0000,2.2200,2.2200,-10.2400,-10.2400,-10.2400,-10.2400,-10.2400,-10.2400,-10.2400,-10.2400
2025-06-13_13:55:08.458,1,1,1,1,2.2200,2.2250,2.2250,2.2250,2.2200,0.0000,2.2200,2.2200,-10.2400,-10.2400,-10.2400,-10.2400,-10.2400,-10.2400,-10.2400,-10.2400
2025-06-13_13:55:09.463,1,1,1,1,2.2200,2.2250,2.2250,2.2250,2.2200,0.0000,2.2200,2.2200,-10.2400,-10.2400,-10.2400,-10.2400,-10.2400,-10.2400,-10.2400,-10.2400
2025-06-13_13:55:10.467,1,1,1,1,2.2200,2.2250,2.2250,2.2250,2.2200,0.0000,2.2200,2.2200,-10.2400,-10.2400,-10.2400,-10.2400,-10.2400,-10.2400,-10.2400,-10.2400
2025-06-13_13:55:11.471,1,1,1,1,2.2200,2.2250,2.2250,2.2250,2.2200,0.0000,2.2200,2.2200,-10.2400,-10.2400,-10.2400,-10.2400,-10.2400,-10.2400,-10.2400,-10.2400
2025-06-13_13:55:12.475,1,1,1,1,2.2200,2.2250,2.2250,2.2250,2.2200,0.0000,2.2200,2.2200,-10.2400,-10.2400,-10.2400,-10.2400,-10.2400,-10.2400,-10.2400,-10.2400
2025-06-13_13:55:13.480,1,1,1,1,2.2250,2.2250,2.2250,2.2250,2.2200,0.0000,2.2200,2.2200,-10.2400,-10.2400,-10.2400,-10.2400,-10.2400,-10.2400,-10.2400,-10.2400
2025-06-13_13:55:14.483,1,1,1,1,2.2250,2.2250,2.2250,2.2250,2.2200,0.0000,2.2200,2.2200,-10.2400,-10.2400,-10.2400,-10.2400,-10.2400,-10.2400,-10.2400,-10.2400
2025-06-13_13:55:15.487,1,1,1,1,2.2250,2.2250,2.2250,2.2250,2.2200,0.0000,2.2200,2.2200,-10.2400,-10.2400,-10.2400,-10.2400,-10.2400,-10.2400,-10.2400,-10.2400
2025-06-13_13:55:16.490,1,1,1,1,2.2250,2.2250,2.2250,2.2250,2.2200,0.0000,2.2200,2.2200,-10.2400,-10.2400,-10.2400,-10.2400,-10.2400,-10.2400,-10.2400,-10.2400
2025-06-13_13:55:17.494,1,1,1,1,2.2250,2.2250,2.2250,2.2250,2.2200,0.0000,2.2200,2.2200,-10.2400,-10.2400,-10.2400,-10.2400,-10.2400,-10.2400,-10.2400,-10.2400
2025-06-13_13:55:18.497,1,1,1,1,2.2200,2.2250,2.2250,2.2250,2.2200,0.0000,2.2200,2.2200,-10.2400,-10.2400,-10.2400,-10.2400,-10.2400,-10.2400,-10.2400,-10.2400
2025-06-13_13:55:19.503,1,1,1,1,2.2200,2.2250,2.2250,2.2250,2.2200,0.0000,2.2200,2.2200,-10.2400,-10.2400,-10.2400,-10.2400,-10.2400,-10.2400,-10.2400,-10.2400
2025-06-13_13:55:20.507,1,1,1,1,2.2200,2.2250,2.2250,2.2250,2.2200,0.0000,2.2200,2.2200,-10.2400,-10.2400,-10.2400,-10.2400,-10.2400,-10.2400,-10.2400,-10.2400
2025-06-13_13:55:21.512,1,1,1,1,2.2200,2.2250,2.2250,2.2250,2.2200,0.0000,2.2200,2.2200,-10.2400,-10.2400,-10.2400,-10.2400,-10.2400,-10.2400,-10.2400,-10.2400
2025-06-13_13:55:22.517,1,1,1,1,2.2200,2.2250,2.2250,2.2250,2.2200,0.0000,2.2200,2.2200,-10.2400,-10.2400,-10.2400,-10.2400,-10.2400,-10.2400,-10.2400,-10.2400
2025-06-13_13:55:23.521,1,1,1,1,2.2200,2.2250,2.2250,2.2250,2.2200,0.0000,2.2200,2.2200,-10.2400,-10.2400,-10.2400,-10.2400,-10.2400,-10.2400,-10.2400,-10.2400
2025-06-13_13:55:24.526,1,1,1,1,2.2200,2.2250,2.2250,2.2250,2.2200,0.0000,2.2200,2.2200,-10.2400,-10.2400,-10.2400,-10.2400,-10.2400,-10.2400,-10.2400,-10.2400
2025-06-13_13:55:25.530,1,1,1,1,2.2250,2.2250,2.2250,2.2250,2.2200,0.0000,2.2200,2.2200,-10.2400,-10.2400,-10.2400,-10.2400,-10.2400,-10.2400,-10.2400,-10.2400
2025-06-13_13:55:26.535,1,1,1,1,2.2200,2.2250,2.2250,2.2250,2.2200,0.0000,2.2200,2.2200,-10.2400,-10.2400,-10.2400,-10.2400,-10.2400,-10.2400,-10.2400,-10.2400
2025-06-13_13:55:27.540,1,1,1,1,2.2200,2.2250,2.2250,2.2250,2.2200,0.0000,2.2200,2.2200,-10.2400,-10.2400,-10.2400,-10.2400,-10.2400,-10.2400,-10.2400,-10.2400
2025-06-13_13:55:28.547,1,1,1,1,2.2200,2.2250,2.2250,2.2250,2.2200,0.0000,2.2200,2.2200,-10.2400,-10.2400,-10.2400,-10.2400,-10.2400,-10.2400,-10.2400,-10.2400
2025-06-13_13:55:29.551,1,1,1,1,2.2250,2.2250,2.2250,2.2250,2.2200,0.0000,2.2200,2.2200,-10.2400,-10.2400,-10.2400,-10.2400,-10.2400,-10.2400,-10.2400,-10.2400
2025-06-13_13:55:30.556,1,1,1,1,2.2250,2.2250,2.2250,2.2250,2.2200,0.0000,2.2200,2.2200,-10.2400,-10.2400,-10.2400,-10.2400,-10.2400,-10.2400,-10.2400,-10.2400
2025-06-13_13:55:31.561,1,1,1,1,2.2200,2.2250,2.2250,2.2250,2.2200,0.0000,2.2200,2.2200,-10.2400,-10.2400,-10.2400,-10.2400,-10.2400,-10.2400,-10.2400,-10.2400
2025-06-13_13:55:32.564,1,1,1,1,2.2200,2.2250,2.2250,2.2250,2.2200,0.0000,2.2200,2.2200,-10.2400,-10.2400,-10.2400,-10.2400,-10.2400,-10.2400,-10.2400,-10.2400
2025-06-13_13:55:33.568,1,1,1,1,2.2200,2.2250,2.2200,2.2250,2.2200,0.0000,2.2200,2.2200,-10.2400,-10.2400,-10.2400,-10.2400,-10.2400,-10.2400,-10.2400,-10.2400
2025-06-13_13:55:34.572,1,1,1,1,2.2200,2.2250,2.2250,2.2250,2.2200,0.0000,2.2200,2.2200,-10.2400,-10.2400,-10.2400,-10.2400,-10.2400,-10.2400,-10.2400,-10.2400
2025-06-13_13:55:35.576,1,1,1,1,2.2250,2.2250,2.2250,2.2250,2.2200,0.0000,2.2200,2.2200,-10.2400,-10.2400,-10.2400,-10.2400,-10.2400,-10.2400,-10.2400,-10.2400
2025-06-13_13:55:36.581,1,1,1,1,2.2200,2.2250,2.2250,2.2250,2.2200,0.0000,2.2200,2.2200,-10.2400,-10.2400,-10.2400,-10.2400,-10.2400,-10.2400,-10.2400,-10.2400
2025-06-13_13:55:37.585,1,1,1,1,2.2250,2.2250,2.2200,2.2250,2.2200,0.0000,2.2200,2.2200,-10.2400,-10.2400,-10.2400,-10.2400,-10.2400,-10.2400,-10.2400,-10.2400
2025-06-13_13:55:38.588,1,1,1,1,2.2250,2.2250,2.2250,2.2250,2.2200,0.0000,2.2200,2.2200,-10.2400,-10.2400,-10.2400,-10.2400,-10.2400,-10.2400,-10.2400,-10.2400
2025-06-13_13:55:39.591,1,1,1,1,2.2200,2.2250,2.2250,2.2250,2.2200,0.0000,2.2200,2.2200,-10.2400,-10.2400,-10.2400,-10.2400,-10.2400,-10.2400,-10.2400,-10.2400
2025-06-13_13:55:40.595,1,1,1,1,2.2250,2.2250,2.2250,2.2250,2.2200,0.0000,2.2200,2.2200,-10.2400,-10.2400,-10.2400,-10.2400,-10.2400,-10.2400,-10.2400,-10.2400
2025-06-13_13:55:41.600,1,1,1,1,2.2200,2.2250,2.2250,2.2250,2.2200,0.0000,2.2200,2.2200,-10.2400,-10.2400,-10.2400,-10.2400,-10.2400,-10.2400,-10.2400,-10.2400
2025-06-13_13:55:42.604,1,1,1,1,2.2250,2.2250,2.2250,2.2250,2.2200,0.0000,2.2200,2.2200,-10.2400,-10.2400,-10.2400,-10.2400,-10.2400,-10.2400,-10.2400,-10.2400
2025-06-13_13:55:43.609,1,1,1,1,2.2200,2.2250,2.2250,2.2250,2.2200,0.0000,2.2200,2.2200,-10.2400,-10.2400,-10.2400,-10.2400,-10.2400,-10.2400,-10.2400,-10.2400
2025-06-13_13:55:44.614,1,1,1,1,2.2200,2.2250,2.2250,2.2250,2.2200,0.0000,2.2200,2.2200,-10.2400,-10.2400,-10.2400,-10.2400,-10.2400,-10.2400,-10.2400,-10.2400
2025-06-13_13:55:45.619,1,1,1,1,2.2200,2.2250,2.2250,2.2250,2.2200,0.0000,2.2200,2.2200,-10.2400,-10.2400,-10.2400,-10.2400,-10.2400,-10.2400,-10.2400,-10.2400
2025-06-13_13:55:46.624,1,1,1,1,2.2200,2.2250,2.2250,2.2250,2.2200,0.0000,2.2200,2.2200,-10.2400,-10.2400,-10.2400,-10.2400,-10.2400,-10.2400,-10.2400,-10.2400
2025-06-13_13:55:47.629,1,1,1,1,2.2200,2.2250,2.2250,2.2250,2.2200,0.0000,2.2200,2.2200,-10.2400,-10.2400,-10.2400,-10.2400,-10.2400,-10.2400,-10.2400,-10.2400
2025-06-13_13:55:48.634,1,1,1,1,2.2250,2.2250,2.2250,2.2250,2.2200,0.0000,2.2200,2.2200,-10.2400,-10.2400,-10.2400,-10.2400,-10.2400,-10.2400,-10.2400,-10.2400
2025-06-13_13:55:49.638,1,1,1,1,2.2200,2.2250,2.2250,2.2250,2.2200,0.0000,2.2200,2.2200,-10.2400,-10.2400,-10.2400,-10.2400,-10.2400,-10.2400,-10.2400,-10.2400
2025-06-13_13:55:50.643,1,1,1,1,2.2200,2.2250,2.2200,2.2250,2.2200,0.0000,2.2200,2.2200,-10.2400,-10.2400,-10.2400,-10.2400,-10.2400,-10.2400,-10.2400,-10.2400
2025-06-13_13:55:51.648,1,1,1,1,2.2250,2.2250,2.2250,2.2250,2.2200,0.0000,2.2200,2.2200,-10.2400,-10.2400,-10.2400,-10.2400,-10.2400,-10.2400,-10.2400,-10.2400
2025-06-13_13:55:52.651,1,1,1,1,2.2250,2.2250,2.2250,2.2250,2.2200,0.0000,2.2200,2.2200,-10.2400,-10.2400,-10.2400,-10.2400,-10.2400,-10.2400,-10.2400,-10.2400
2025-06-13_13:55:53.655,1,1,1,1,2.2250,2.2250,2.2250,2.2250,2.2200,0.0000,2.2200,2.2200,-10.2400,-10.2400,-10.2400,-10.2400,-10.2400,-10.2400,-10.2400,-10.2400
2025-06-13_13:55:54.658,1,1,1,1,2.2250,2.2250,2.2250,2.2250,2.2200,0.0000,2.2200,2.2200,-10.2400,-10.2400,-10.2400,-10.2400,-10.2400,-10.2400,-10.2400,-10.2400
2025-06-13_13:55:55.662,1,1,1,1,2.2250,2.2250,2.2250,2.2250,2.2200,0.0000,2.2200,2.2200,-10.2400,-10.2400,-10.2400,-10.2400,-10.2400,-10.2400,-10.2400,-10.2400
2025-06-13_13:55:56.667,1,1,1,1,2.2250,2.2250,2.2250,2.2250,2.2200,0.0000,2.2200,2.2200,-10.2400,-10.2400,-10.2400,-10.2400,-10.2400,-10.2400,-10.2400,-10.2400
2025-06-13_13:55:57.670,1,1,1,1,2.2200,2.2250,2.2250,2.2250,2.2200,0.0000,2.2200,2.2200,-10.2400,-10.2400,-10.2400,-10.2400,-10.2400,-10.2400,-10.2400,-10.2400
2025-06-13_13:55:58.677,1,1,1,1,2.2200,2.2250,2.2250,2.2250,2.2200,0.0000,2.2200,2.2200,-10.2400,-10.2400,-10.2400,-10.2400,-10.2400,-10.2400,-10.2400,-10.2400
2025-06-13_13:55:59.681,1,1,1,1,2.2200,2.2250,2.2250,2.2250,2.2200,0.0000,2.2200,2.2200,-10.2400,-10.2400,-10.2400,-10.2400,-10.2400,-10.2400,-10.2400,-10.2400
2025-06-13_13:56:00.686,1,1,1,1,2.2200,2.2250,2.2250,2.2250,2.2200,0.0000,2.2200,2.2200,-10.2400,-10.2400,-10.2400,-10.2400,-10.2400,-10.2400,-10.2400,-10.2400
2025-06-13_13:56:01.690,1,1,1,1,2.2200,2.2250,2.2250,2.2250,2.2200,0.0000,2.2200,2.2200,-10.2400,-10.2400,-10.2400,-10.2400,-10.2400,-10.2400,-10.2400,-10.2400
2025-06-13_13:56:02.694,1,1,1,1,2.2200,2.2250,2.2250,2.2250,2.2200,0.0000,2.2200,2.2200,-10.2400,-10.2400,-10.2400,-10.2400,-10.2400,-10.2400,-10.2400,-10.2400
2025-06-13_13:56:03.699,1,1,1,1,2.2200,2.2250,2.2250,2.2250,2.2200,0.0000,2.2200,2.2200,-10.2400,-10.2400,-10.2400,-10.2400,-10.2400,-10.2400,-10.2400,-10.2400
2025-06-13_13:56:04.704,1,1,1,1,2.2200,2.2250,2.2250,2.2250,2.2200,0.0000,2.2200,2.2200,-10.2400,-10.2400,-10.2400,-10.2400,-10.2400,-10.2400,-10.2400,-10.2400
2025-06-13_13:56:05.708,1,1,1,1,2.2200,2.2250,2.2250,2.2250,2.2200,0.0000,2.2200,2.2200,-10.2400,-10.2400,-10.2400,-10.2400,-10.2400,-10.2400,-10.2400,-10.2400
2025-06-13_13:56:06.713,1,1,1,1,2.2200,2.2250,2.2250,2.2250,2.2200,0.0000,2.2200,2.2200,-10.2400,-10.2400,-10.2400,-10.2400,-10.2400,-10.2400,-10.2400,-10.2400
2025-06-13_13:56:07.718,1,1,1,1,2.2250,2.2250,2.2250,2.2250,2.2200,0.0000,2.2200,2.2200,-10.2400,-10.2400,-10.2400,-10.2400,-10.2400,-10.2400,-10.2400,-10.2400
2025-06-13_13:56:08.723,1,1,1,1,2.2200,2.2250,2.2250,2.2250,2.2200,0.0000,2.2200,2.2200,-10.2400,-10.2400,-10.2400,-10.2400,-10.2400,-10.2400,-10.2400,-10.2400
2025-06-13_13:56:09.728,1,1,1,1,2.2250,2.2250,2.2250,2.2250,2.2200,0.0000,2.2200,2.2200,-10.2400,-10.2400,-10.2400,-10.2400,-10.2400,-10.2400,-10.2400,-10.2400
2025-06-13_13:56:10.733,1,1,1,1,2.2200,2.2250,2.2250,2.2250,2.2200,0.0000,2.2200,2.2200,-10.2400,-10.2400,-10.2400,-10.2400,-10.2400,-10.2400,-10.2400,-10.2400
2025-06-13_13:56:11.738,1,1,1,1,2.2250,2.2250,2.2250,2.2250,2.2200,0.0000,2.2200,2.2200,-10.2400,-10.2400,-10.2400,-10.2400,-10.2400,-10.2400,-10.2400,-10.2400
2025-06-13_13:56:12.741,1,1,1,1,2.2200,2.2250,2.2250,2.2250,2.2200,0.0000,2.2200,2.2200,-10.2400,-10.2400,-10.2400,-10.2400,-10.2400,-10.2400,-10.2400,-10.2400
2025-06-13_13:56:13.744,1,1,1,1,2.2200,2.2250,2.2250,2.2250,2.2200,0.0000,2.2200,2.2200,-10.2400,-10.2400,-10.2400,-10.2400,-10.2400,-10.2400,-10.2400,-10.2400
2025-06-13_13:56:14.747,1,1,1,1,2.2250,2.2250,2.2200,2.2250,2.2200,0.0000,2.2200,2.2200,-10.2400,-10.2400,-10.2400,-10.2400,-10.2400,-10.2400,-10.2400,-10.2400
2025-06-13_13:56:15.750,1,1,1,1,2.2250,2.2250,2.2250,2.2250,2.2200,0.0000,2.2200,2.2200,-10.2400,-10.2400,-10.2400,-10.2400,-10.2400,-10.2400,-10.2400,-10.2400
2025-06-13_13:56:16.754,1,1,1,1,2.2200,2.2250,2.2250,2.2250,2.2200,0.0000,2.2200,2.2200,-10.2400,-10.2400,-10.2400,-10.2400,-10.2400,-10.2400,-10.2400,-10.2400
2025-06-13_13:56:17.759,1,1,1,1,2.2250,2.2250,2.2250,2.2250,2.2200,0.0000,2.2200,2.2200,-10.2400,-10.2400,-10.2400,-10.2400,-10.2400,-10.2400,-10.2400,-10.2400
2025-06-13_13:56:18.764,1,1,1,1,2.2200,2.2250,2.2250,2.2250,2.2200,0.0000,2.2200,2.2200,-10.2400,-10.2400,-10.2400,-10.2400,-10.2400,-10.2400,-10.2400,-10.2400
2025-06-13_13:56:19.769,1,1,1,1,2.2200,2.2250,2.2250,2.2250,2.2200,0.0000,2.2200,2.2200,-10.2400,-10.2400,-10.2400,-10.2400,-10.2400,-10.2400,-10.2400,-10.2400
2025-06-13_13:56:20.774,1,1,1,1,2.2250,2.2250,2.2250,2.2250,2.2200,0.0000,2.2200,2.2200,-10.2400,-10.2400,-10.2400,-10.2400,-10.2400,-10.2400,-10.2400,-10.2400
2025-06-13_13:56:21.779,1,1,1,1,2.2250,2.2250,2.2250,2.2250,2.2200,0.0000,2.2200,2.2200,-10.2400,-10.2400,-10.2400,-10.2400,-10.2400,-10.2400,-10.2400,-10.2400
2025-06-13_13:56:22.783,1,1,1,1,2.2200,2.2250,2.2250,2.2250,2.2200,0.0000,2.2200,2.2200,-10.2400,-10.2400,-10.2400,-10.2400,-10.2400,-10.2400,-10.2400,-10.2400
2025-06-13_13:56:23.788,1,1,1,1,2.2200,2.2250,2.2250,2.2250,2.2200,0.0000,2.2200,2.2200,-10.2400,-10.2400,-10.2400,-10.2400,-10.2400,-10.2400,-10.2400,-10.2400
2025-06-13_13:56:24.793,1,1,1,1,2.2250,2.2250,2.2250,2.2250,2.2200,0.0000,2.2200,2.2200,-10.2400,-10.2400,-10.2400,-10.2400,-10.2400,-10.2400,-10.2400,-10.2400
2025-06-13_13:56:25.797,1,1,1,1,2.2200,2.2250,2.2250,2.2250,2.2200,0.0000,2.2200,2.2200,-10.2400,-10.2400,-10.2400,-10.2400,-10.2400,-10.2400,-10.2400,-10.2400
2025-06-13_13:56:26.802,1,1,1,1,2.2250,2.2250,2.2250,2.2250,2.2200,0.0000,2.2200,2.2200,-10.2400,-10.2400,-10.2400,-10.2400,-10.2400,-10.2400,-10.2400,-10.2400
2025-06-13_13:56:27.806,1,1,1,1,2.2200,2.2250,2.2250,2.2250,2.2200,0.0000,2.2200,2.2200,-10.2400,-10.2400,-10.2400,-10.2400,-10.2400,-10.2400,-10.2400,-10.2400
2025-06-13_13:56:28.811,1,1,1,1,2.2200,2.2250,2.2250,2.2250,2.2200,0.0000,2.2200,2.2200,-10.2400,-10.2400,-10.2400,-10.2400,-10.2400,-10.2400,-10.2400,-10.2400
2025-06-13_13:56:29.815,1,1,1,1,2.2200,2.2250,2.2250,2.2250,2.2200,0.0000,2.2200,2.2200,-10.2400,-10.2400,-10.2400,-10.2400,-10.2400,-10.2400,-10.2400,-10.2400
2025-06-13_13:56:30.819,1,1,1,1,2.2250,2.2250,2.2250,2.2250,2.2200,0.0000,2.2200,2.2200,-10.2400,-10.2400,-10.2400,-10.2400,-10.2400,-10.2400,-10.2400,-10.2400
2025-06-13_13:56:31.824,1,1,1,1,2.2200,2.2250,2.2250,2.2250,2.2200,0.0000,2.2200,2.2200,-10.2400,-10.2400,-10.2400,-10.2400,-10.2400,-10.2400,-10.2400,-10.2400
2025-06-13_13:56:32.828,1,1,1,1,2.2250,2.2250,2.2250,2.2250,2.2200,0.0000,2.2200,2.2200,-10.2400,-10.2400,-10.2400,-10.2400,-10.2400,-10.2400,-10.2400,-10.2400
2025-06-13_13:56:33.832,1,1,1,1,2.2200,2.2250,2.2250,2.2250,2.2200,0.0000,2.2200,2.2200,-10.2400,-10.2400,-10.2400,-10.2400,-10.2400,-10.2400,-10.2400,-10.2400
2025-06-13_13:56:34.835,1,1,1,1,2.2250,2.2250,2.2250,2.2250,2.2200,0.0000,2.2200,2.2200,-10.2400,-10.2400,-10.2400,-10.2400,-10.2400,-10.2400,-10.2400,-10.2400
2025-06-13_13:56:35.838,1,1,1,1,2.2250,2.2250,2.2250,2.2250,2.2200,0.0000,2.2200,2.2200,-10.2400,-10.2400,-10.2400,-10.2400,-10.2400,-10.2400,-10.2400,-10.2400
2025-06-13_13:56:36.842,1,1,1,1,2.2250,2.2250,2.2250,2.2250,2.2200,0.0000,2.2200,2.2200,-10.2400,-10.2400,-10.2400,-10.2400,-10.2400,-10.2400,-10.2400,-10.2400
2025-06-13_13:56:37.847,1,1,1,1,2.2200,2.2250,2.2250,2.2250,2.2200,0.0000,2.2200,2.2200,-10.2400,-10.2400,-10.2400,-10.2400,-10.2400,-10.2400,-10.2400,-10.2400
2025-06-13_13:56:38.851,1,1,1,1,2.2200,2.2250,2.2250,2.2250,2.2200,0.0000,2.2200,2.2200,-10.2400,-10.2400,-10.2400,-10.2400,-10.2400,-10.2400,-10.2400,-10.2400
2025-06-13_13:56:39.856,1,1,1,1,2.2200,2.2250,2.2250,2.2250,2.2200,0.0000,2.2200,2.2200,-10.2400,-10.2400,-10.2400,-10.2400,-10.2400,-10.2400,-10.2400,-10.2400
2025-06-13_13:56:40.861,1,1,1,1,2.2200,2.2250,2.2250,2.2250,2.2200,0.0000,2.2200,2.2200,-10.2400,-10.2400,-10.2400,-10.2400,-10.2400,-10.2400,-10.2400,-10.2400
2025-06-13_13:56:41.866,1,1,1,1,2.2200,2.2250,2.2250,2.2250,2.2200,0.0000,2.2200,2.2200,-10.2400,-10.2400,-10.2400,-10.2400,-10.2400,-10.2400,-10.2400,-10.2400
2025-06-13_13:56:42.871,1,1,1,1,2.2200,2.2250,2.2250,2.2250,2.2200,0.0000,2.2200,2.2200,-10.2400,-10.2400,-10.2400,-10.2400,-10.2400,-10.2400,-10.2400,-10.2400
2025-06-13_13:56:43.875,1,1,1,1,2.2200,2.2250,2.2250,2.2250,2.2200,0.0000,2.2200,2.2200,-10.2400,-10.2400,-10.2400,-10.2400,-10.2400,-10.2400,-10.2400,-10.2400
2025-06-13_13:56:44.880,1,1,1,1,2.2250,2.2250,2.2250,2.2250,2.2200,0.0000,2.2200,2.2200,-10.2400,-10.2400,-10.2400,-10.2400,-10.2400,-10.2400,-10.2400,-10.2400
2025-06-13_13:56:45.885,1,1,1,1,2.2200,2.2250,2.2250,2.2250,2.2200,0.0000,2.2200,2.2200,-10.2400,-10.2400,-10.2400,-10.2400,-10.2400,-10.2400,-10.2400,-10.2400
2025-06-13_13:56:46.888,1,1,1,1,2.2200,2.2250,2.2250,2.2250,2.2200,0.0000,2.2200,2.2200,-10.2400,-10.2400,-10.2400,-10.2400,-10.2400,-10.2400,-10.2400,-10.2400
2025-06-13_13:56:47.893,1,1,1,1,2.2200,2.2250,2.2250,2.2250,2.2200,0.0000,2.2200,2.2200,-10.2400,-10.2400,-10.2400,-10.2400,-10.2400,-10.2400,-10.2400,-10.2400
2025-06-13_13:56:48.899,1,1,1,1,2.2200,2.2250,2.2250,2.2250,2.2200,0.0000,2.2200,2.2200,-10.2400,-10.2400,-10.2400,-10.2400,-10.2400,-10.2400,-10.2400,-10.2400
2025-06-13_13:56:49.902,1,1,1,1,2.2200,2.2250,2.2250,2.2250,2.2200,0.0000,2.2200,2.2200,-10.2400,-10.2400,-10.2400,-10.2400,-10.2400,-10.2400,-10.2400,-10.2400
2025-06-13_13:56:50.907,1,1,1,1,2.2200,2.2250,2.2250,2.2250,2.2200,0.0000,2.2200,2.2200,-10.2400,-10.2400,-10.2400,-10.2400,-10.2400,-10.2400,-10.2400,-10.2400
2025-06-13_13:56:51.911,1,1,1,1,2.2200,2.2250,2.2250,2.2250,2.2200,0.0000,2.2200,2.2200,-10.2400,-10.2400,-10.2400,-10.2400,-10.2400,-10.2400,-10.2400,-10.2400
2025-06-13_13:56:52.916,1,1,1,1,2.2200,2.2250,2.2250,2.2250,2.2200,0.0000,2.2200,2.2200,-10.2400,-10.2400,-10.2400,-10.2400,-10.2400,-10.2400,-10.2400,-10.2400
2025-06-13_13:56:53.920,1,1,1,1,2.2200,2.2250,2.2250,2.2250,2.2200,0.0000,2.2200,2.2200,-10.2400,-10.2400,-10.2400,-10.2400,-10.2400,-10.2400,-10.2400,-10.2400
2025-06-13_13:56:54.924,1,1,1,1,2.2250,2.2250,2.2250,2.2250,2.2200,0.0000,2.2200,2.2200,-10.2400,-10.2400,-10.2400,-10.2400,-10.2400,-10.2400,-10.2400,-10.2400
2025-06-13_13:56:55.929,1,1,1,1,2.2200,2.2250,2.2250,2.2250,2.2200,0.0000,2.2200,2.2200,-10.2400,-10.2400,-10.2400,-10.2400,-10.2400,-10.2400,-10.2400,-10.2400
2025-06-13_13:56:56.935,1,1,1,1,2.2200,2.2250,2.2250,2.2250,2.2200,0.0000,2.2200,2.2200,-10.2400,-10.2400,-10.2400,-10.2400,-10.2400,-10.2400,-10.2400,-10.2400
2025-06-13_13:56:57.939,1,1,1,1,2.2200,2.2250,2.2250,2.2250,2.2200,0.0000,2.2200,2.2200,-10.2400,-10.2400,-10.2400,-10.2400,-10.2400,-10.2400,-10.2400,-10.2400
2025-06-13_13:56:58.943,1,1,1,1,2.2250,2.2250,2.2250,2.2250,2.2200,0.0000,2.2200,2.2200,-10.2400,-10.2400,-10.2400,-10.2400,-10.2400,-10.2400,-10.2400,-10.2400
2025-06-13_13:56:59.948,1,1,1,1,2.2250,2.2250,2.2250,2.2250,2.2200,0.0000,2.2200,2.2200,-10.2400,-10.2400,-10.2400,-10.2400,-10.2400,-10.2400,-10.2400,-10.2400
2025-06-13_13:57:00.951,1,1,1,1,2.2200,2.2250,2.2250,2.2250,2.2200,0.0000,2.2200,2.2200,-10.2400,-10.2400,-10.2400,-10.2400,-10.2400,-10.2400,-10.2400,-10.2400
2025-06-13_13:57:01.956,1,1,1,1,2.2200,2.2250,2.2250,2.2250,2.2200,0.0000,2.2200,2.2200,-10.2400,-10.2400,-10.2400,-10.2400,-10.2400,-10.2400,-10.2400,-10.2400
2025-06-13_13:57:02.961,1,1,1,1,2.2200,2.2250,2.2250,2.2250,2.2200,0.0000,2.2200,2.2200,-10.2400,-10.2400,-10.2400,-10.2400,-10.2400,-10.2400,-10.2400,-10.2400
2025-06-13_13:57:03.966,1,1,1,1,2.2250,2.2250,2.2250,2.2250,2.2200,0.0000,2.2200,2.2200,-10.2400,-10.2400,-10.2400,-10.2400,-10.2400,-10.2400,-10.2400,-10.2400
2025-06-13_13:57:04.971,1,1,1,1,2.2200,2.2250,2.2250,2.2250,2.2200,0.0000,2.2200,2.2200,-10.2400,-10.2400,-10.2400,-10.2400,-10.2400,-10.2400,-10.2400,-10.2400
2025-06-13_13:57:05.976,1,1,1,1,2.2200,2.2250,2.2250,2.2250,2.2200,0.0000,2.2200,2.2200,-10.2400,-10.2400,-10.2400,-10.2400,-10.2400,-10.2400,-10.2400,-10.2400
2025-06-13_13:57:06.981,1,1,1,1,2.2250,2.2250,2.2250,2.2250,2.2200,0.0000,2.2200,2.2200,-10.2400,-10.2400,-10.2400,-10.2400,-10.2400,-10.2400,-10.2400,-10.2400
2025-06-13_13:57:07.985,1,1,1,1,2.2200,2.2250,2.2250,2.2250,2.2200,0.0000,2.2200,2.2200,-10.2400,-10.2400,-10.2400,-10.2400,-10.2400,-10.2400,-10.2400,-10.2400
2025-06-13_13:57:08.990,1,1,1,1,2.2200,2.2250,2.2250,2.2250,2.2200,0.0000,2.2200,2.2200,-10.2400,-10.2400,-10.2400,-10.2400,-10.2400,-10.2400,-10.2400,-10.2400
2025-06-13_13:57:09.996,1,1,1,1,2.2200,2.2250,2.2250,2.2250,2.2200,0.0000,2.2200,2.2200,-10.2400,-10.2400,-10.2400,-10.2400,-10.2400,-10.2400,-10.2400,-10.2400
2025-06-13_13:57:11.001,1,1,1,1,2.2200,2.2250,2.2250,2.2250,2.2200,0.0000,2.2200,2.2200,-10.2400,-10.2400,-10.2400,-10.2400,-10.2400,-10.2400,-10.2400,-10.2400
2025-06-13_13:57:12.006,1,1,1,1,2.2200,2.2250,2.2250,2.2250,2.2200,0.0000,2.2200,2.2200,-10.2400,-10.2400,-10.2400,-10.2400,-10.2400,-10.2400,-10.2400,-10.2400
2025-06-13_13:57:13.011,1,1,1,1,2.2200,2.2250,2.2250,2.2250,2.2200,0.0000,2.2200,2.2200,-10.2400,-10.2400,-10.2400,-10.2400,-10.2400,-10.2400,-10.2400,-10.2400
2025-06-13_13:57:14.016,1,1,1,1,2.2200,2.2250,2.2250,2.2250,2.2200,0.0000,2.2200,2.2200,-10.2400,-10.2400,-10.2400,-10.2400,-10.2400,-10.2400,-10.2400,-10.2400
2025-06-13_13:57:15.021,1,1,1,1,2.2200,2.2250,2.2250,2.2250,2.2200,0.0000,2.2200,2.2200,-10.2400,-10.2400,-10.2400,-10.2400,-10.2400,-10.2400,-10.2400,-10.2400
2025-06-13_13:57:16.025,1,1,1,1,2.2200,2.2250,2.2250,2.2250,2.2200,0.0000,2.2200,2.2200,-10.2400,-10.2400,-10.2400,-10.2400,-10.2400,-10.2400,-10.2400,-10.2400
2025-06-13_13:57:17.030,1,1,1,1,2.2200,2.2250,2.2250,2.2250,2.2200,0.0000,2.2200,2.2200,-10.2400,-10.2400,-10.2400,-10.2400,-10.2400,-10.2400,-10.2400,-10.2400
2025-06-13_13:57:18.035,1,1,1,1,2.2200,2.2250,2.2250,2.2250,2.2200,0.0000,2.2200,2.2200,-10.2400,-10.2400,-10.2400,-10.2400,-10.2400,-10.2400,-10.2400,-10.2400
2025-06-13_13:57:19.040,1,1,1,1,2.2250,2.2250,2.2250,2.2250,2.2200,0.0000,2.2200,2.2200,-10.2400,-10.2400,-10.2400,-10.2400,-10.2400,-10.2400,-10.2400,-10.2400
2025-06-13_13:57:20.045,1,1,1,1,2.2200,2.2250,2.2250,2.2250,2.2200,0.0000,2.2200,2.2200,-10.2400,-10.2400,-10.2400,-10.2400,-10.2400,-10.2400,-10.2400,-10.2400
2025-06-13_13:57:21.049,1,1,1,1,2.2200,2.2250,2.2250,2.2250,2.2200,0.0000,2.2200,2.2200,-10.2400,-10.2400,-10.2400,-10.2400,-10.2400,-10.2400,-10.2400,-10.2400
2025-06-13_13:57:22.053,1,1,1,1,2.2250,2.2250,2.2200,2.2250,2.2200,0.0000,2.2200,2.2200,-10.2400,-10.2400,-10.2400,-10.2400,-10.2400,-10.2400,-10.2400,-10.2400
2025-06-13_13:57:23.056,1,1,1,1,2.2200,2.2250,2.2250,2.2250,2.2200,0.0000,2.2200,2.2200,-10.2400,-10.2400,-10.2400,-10.2400,-10.2400,-10.2400,-10.2400,-10.2400
2025-06-13_13:57:24.060,1,1,1,1,2.2250,2.2250,2.2250,2.2250,2.2200,0.0000,2.2200,2.2200,-10.2400,-10.2400,-10.2400,-10.2400,-10.2400,-10.2400,-10.2400,-10.2400
2025-06-13_13:57:25.065,1,1,1,1,2.2200,2.2250,2.2250,2.2250,2.2200,0.0000,2.2200,2.2200,-10.2400,-10.2400,-10.2400,-10.2400,-10.2400,-10.2400,-10.2400,-10.2400
2025-06-13_13:57:26.070,1,1,1,1,2.2200,2.2250,2.2250,2.2250,2.2200,0.0000,2.2200,2.2200,-10.2400,-10.2400,-10.2400,-10.2400,-10.2400,-10.2400,-10.2400,-10.2400
2025-06-13_13:57:27.075,1,1,1,1,2.2200,2.2250,2.2250,2.2250,2.2200,0.0000,2.2200,2.2200,-10.2400,-10.2400,-10.2400,-10.2400,-10.2400,-10.2400,-10.2400,-10.2400
2025-06-13_13:57:28.079,1,1,1,1,2.2200,2.2250,2.2250,2.2250,2.2200,0.0000,2.2200,2.2200,-10.2400,-10.2400,-10.2400,-10.2400,-10.2400,-10.2400,-10.2400,-10.2400
2025-06-13_13:57:29.084,1,1,1,1,2.2250,2.2250,2.2250,2.2250,2.2200,0.0000,2.2200,2.2200,-10.2400,-10.2400,-10.2400,-10.2400,-10.2400,-10.2400,-10.2400,-10.2400
2025-06-13_13:57:30.088,1,1,1,1,2.2250,2.2250,2.2250,2.2250,2.2200,0.0000,2.2200,2.2200,-10.2400,-10.2400,-10.2400,-10.2400,-10.2400,-10.2400,-10.2400,-10.2400
2025-06-13_13:57:31.092,1,1,1,1,2.2200,2.2250,2.2250,2.2250,2.2200,0.0000,2.2200,2.2200,-10.2400,-10.2400,-10.2400,-10.2400,-10.2400,-10.2400,-10.2400,-10.2400
2025-06-13_13:57:32.095,1,1,1,1,2.2250,2.2250,2.2250,2.2250,2.2200,0.0000,2.2200,2.2200,-10.2400,-10.2400,-10.2400,-10.2400,-10.2400,-10.2400,-10.2400,-10.2400
2025-06-13_13:57:33.098,1,1,1,1,2.2250,2.2250,2.2250,2.2250,2.2200,0.0000,2.2200,2.2200,-10.2400,-10.2400,-10.2400,-10.2400,-10.2400,-10.2400,-10.2400,-10.2400
2025-06-13_13:57:34.101,1,1,1,1,2.2200,2.2250,2.2250,2.2250,2.2200,0.0000,2.2200,2.2200,-10.2400,-10.2400,-10.2400,-10.2400,-10.2400,-10.2400,-10.2400,-10.2400
2025-06-13_13:57:35.107,1,1,1,1,2.2200,2.2250,2.2250,2.2250,2.2200,0.0000,2.2200,2.2200,-10.2400,-10.2400,-10.2400,-10.2400,-10.2400,-10.2400,-10.2400,-10.2400
2025-06-13_13:57:36.111,1,1,1,1,2.2200,2.2250,2.2250,2.2250,2.2200,0.0000,2.2200,2.2200,-10.2400,-10.2400,-10.2400,-10.2400,-10.2400,-10.2400,-10.2400,-10.2400
2025-06-13_13:57:37.115,1,1,1,1,2.2200,2.2250,2.2250,2.2250,2.2200,0.0000,2.2200,2.2200,-10.2400,-10.2400,-10.2400,-10.2400,-10.2400,-10.2400,-10.2400,-10.2400
2025-06-13_13:57:38.123,1,1,1,1,2.2200,2.2250,2.2250,2.2250,2.2200,0.0000,2.2200,2.2200,-10.2400,-10.2400,-10.2400,-10.2400,-10.2400,-10.2400,-10.2400,-10.2400
2025-06-13_13:57:39.129,1,1,1,1,2.2200,2.2250,2.2250,2.2250,2.2200,0.0000,2.2200,2.2200,-10.2400,-10.2400,-10.2400,-10.2400,-10.2400,-10.2400,-10.2400,-10.2400
2025-06-13_13:57:40.134,1,1,1,1,2.2200,2.2250,2.2200,2.2250,2.2200,0.0000,2.2200,2.2200,-10.2400,-10.2400,-10.2400,-10.2400,-10.2400,-10.2400,-10.2400,-10.2400
2025-06-13_13:57:41.139,1,1,1,1,2.2200,2.2250,2.2250,2.2250,2.2200,0.0000,2.2200,2.2200,-10.2400,-10.2400,-10.2400,-10.2400,-10.2400,-10.2400,-10.2400,-10.2400
2025-06-13_13:57:42.144,1,1,1,1,2.2250,2.2250,2.2250,2.2250,2.2200,0.0000,2.2200,2.2200,-10.2400,-10.2400,-10.2400,-10.2400,-10.2400,-10.2400,-10.2400,-10.2400
2025-06-13_13:57:43.148,1,1,1,1,2.2200,2.2250,2.2250,2.2250,2.2200,0.0000,2.2200,2.2200,-10.2400,-10.2400,-10.2400,-10.2400,-10.2400,-10.2400,-10.2400,-10.2400
2025-06-13_13:57:44.152,1,1,1,1,2.2200,2.2250,2.2250,2.2250,2.2200,0.0000,2.2200,2.2200,-10.2400,-10.2400,-10.2400,-10.2400,-10.2400,-10.2400,-10.2400,-10.2400
2025-06-13_13:57:45.156,1,1,1,1,2.2200,2.2250,2.2250,2.2250,2.2200,0.0000,2.2200,2.2200,-10.2400,-10.2400,-10.2400,-10.2400,-10.2400,-10.2400,-10.2400,-10.2400
2025-06-13_13:57:46.161,1,1,1,1,2.2200,2.2250,2.2250,2.2250,2.2200,0.0000,2.2200,2.2200,-10.2400,-10.2400,-10.2400,-10.2400,-10.2400,-10.2400,-10.2400,-10.2400
2025-06-13_13:57:47.165,1,1,1,1,2.2200,2.2250,2.2200,2.2250,2.2200,0.0000,2.2200,2.2200,-10.2400,-10.2400,-10.2400,-10.2400,-10.2400,-10.2400,-10.2400,-10.2400
2025-06-13_13:57:48.169,1,1,1,1,2.2200,2.2250,2.2250,2.2250,2.2200,0.0000,2.2200,2.2200,-10.2400,-10.2400,-10.2400,-10.2400,-10.2400,-10.2400,-10.2400,-10.2400
2025-06-13_13:57:49.173,1,1,1,1,2.2250,2.2250,2.2250,2.2250,2.2200,0.0000,2.2200,2.2200,-10.2400,-10.2400,-10.2400,-10.2400,-10.2400,-10.2400,-10.2400,-10.2400
2025-06-13_13:57:50.177,1,1,1,1,2.2200,2.2250,2.2250,2.2250,2.2200,0.0000,2.2200,2.2200,-10.2400,-10.2400,-10.2400,-10.2400,-10.2400,-10.2400,-10.2400,-10.2400
2025-06-13_13:57:51.182,1,1,1,1,2.2200,2.2250,2.2250,2.2250,2.2200,0.0000,2.2200,2.2200,-10.2400,-10.2400,-10.2400,-10.2400,-10.2400,-10.2400,-10.2400,-10.2400
2025-06-13_13:57:52.187,1,1,1,1,2.2250,2.2250,2.2250,2.2250,2.2200,0.0000,2.2200,2.2200,-10.2400,-10.2400,-10.2400,-10.2400,-10.2400,-10.2400,-10.2400,-10.2400
2025-06-13_13:57:53.191,1,1,1,1,2.2250,2.2250,2.2250,2.2250,2.2200,0.0000,2.2200,2.2200,-10.2400,-10.2400,-10.2400,-10.2400,-10.2400,-10.2400,-10.2400,-10.2400
2025-06-13_13:57:54.194,1,1,1,1,2.2250,2.2250,2.2250,2.2250,2.2200,0.0000,2.2200,2.2200,-10.2400,-10.2400,-10.2400,-10.2400,-10.2400,-10.2400,-10.2400,-10.2400
2025-06-13_13:57:55.199,1,1,1,1,2.2250,2.2250,2.2250,2.2250,2.2200,0.0000,2.2200,2.2200,-10.2400,-10.2400,-10.2400,-10.2400,-10.2400,-10.2400,-10.2400,-10.2400
2025-06-13_13:57:56.203,1,1,1,1,2.2250,2.2250,2.2250,2.2250,2.2200,0.0000,2.2200,2.2200,-10.2400,-10.2400,-10.2400,-10.2400,-10.2400,-10.2400,-10.2400,-10.2400
2025-06-13_13:57:57.206,1,1,1,1,2.2250,2.2250,2.2250,2.2250,2.2200,0.0000,2.2200,2.2200,-10.2400,-10.2400,-10.2400,-10.2400,-10.2400,-10.2400,-10.2400,-10.2400
2025-06-13_13:57:58.212,1,1,1,1,2.2200,2.2250,2.2250,2.2250,2.2200,0.0000,2.2200,2.2200,-10.2400,-10.2400,-10.2400,-10.2400,-10.2400,-10.2400,-10.2400,-10.2400
2025-06-13_13:57:59.216,1,1,1,1,2.2200,2.2250,2.2250,2.2250,2.2200,0.0000,2.2200,2.2200,-10.2400,-10.2400,-10.2400,-10.2400,-10.2400,-10.2400,-10.2400,-10.2400
2025-06-13_13:58:00.220,1,1,1,1,2.2200,2.2250,2.2250,2.2250,2.2200,0.0000,2.2200,2.2200,-10.2400,-10.2400,-10.2400,-10.2400,-10.2400,-10.2400,-10.2400,-10.2400
2025-06-13_13:58:01.225,1,1,1,1,2.2200,2.2250,2.2250,2.2250,2.2200,0.0000,2.2200,2.2200,-10.2400,-10.2400,-10.2400,-10.2400,-10.2400,-10.2400,-10.2400,-10.2400
2025-06-13_13:58:02.229,1,1,1,1,2.2200,2.2250,2.2250,2.2250,2.2200,0.0000,2.2200,2.2200,-10.2400,-10.2400,-10.2400,-10.2400,-10.2400,-10.2400,-10.2400,-10.2400
2025-06-13_13:58:03.234,1,1,1,1,2.2200,2.2250,2.2250,2.2250,2.2200,0.0000,2.2200,2.2200,-10.2400,-10.2400,-10.2400,-10.2400,-10.2400,-10.2400,-10.2400,-10.2400
2025-06-13_13:58:04.240,1,1,1,1,2.2250,2.2250,2.2250,2.2250,2.2200,0.0000,2.2200,2.2200,-10.2400,-10.2400,-10.2400,-10.2400,-10.2400,-10.2400,-10.2400,-10.2400
2025-06-13_13:58:05.243,1,1,1,1,2.2200,2.2250,2.2250,2.2250,2.2200,0.0000,2.2200,2.2200,-10.2400,-10.2400,-10.2400,-10.2400,-10.2400,-10.2400,-10.2400,-10.2400
2025-06-13_13:58:06.248,1,1,1,1,2.2200,2.2250,2.2200,2.2250,2.2200,0.0000,2.2200,2.2200,-10.2400,-10.2400,-10.2400,-10.2400,-10.2400,-10.2400,-10.2400,-10.2400
2025-06-13_13:58:07.253,1,1,1,1,2.2200,2.2250,2.2250,2.2250,2.2200,0.0000,2.2200,2.2200,-10.2400,-10.2400,-10.2400,-10.2400,-10.2400,-10.2400,-10.2400,-10.2400
2025-06-13_13:58:08.258,1,1,1,1,2.2200,2.2250,2.2250,2.2250,2.2200,0.0000,2.2200,2.2200,-10.2400,-10.2400,-10.2400,-10.2400,-10.2400,-10.2400,-10.2400,-10.2400
2025-06-13_13:58:09.264,1,1,1,1,2.2200,2.2250,2.2250,2.2250,2.2200,0.0000,2.2200,2.2200,-10.2400,-10.2400,-10.2400,-10.2400,-10.2400,-10.2400,-10.2400,-10.2400
2025-06-13_13:58:10.268,1,1,1,1,2.2200,2.2250,2.2250,2.2250,2.2200,0.0000,2.2200,2.2200,-10.2400,-10.2400,-10.2400,-10.2400,-10.2400,-10.2400,-10.2400,-10.2400
2025-06-13_13:58:11.274,1,1,1,1,2.2200,2.2250,2.2250,2.2250,2.2200,0.0000,2.2200,2.2200,-10.2400,-10.2400,-10.2400,-10.2400,-10.2400,-10.2400,-10.2400,-10.2400
2025-06-13_13:58:12.279,1,1,1,1,2.2200,2.2250,2.2250,2.2250,2.2200,0.0000,2.2200,2.2200,-10.2400,-10.2400,-10.2400,-10.2400,-10.2400,-10.2400,-10.2400,-10.2400
2025-06-13_13:58:13.282,1,1,1,1,2.2200,2.2250,2.2250,2.2250,2.2200,0.0000,2.2200,2.2200,-10.2400,-10.2400,-10.2400,-10.2400,-10.2400,-10.2400,-10.2400,-10.2400
2025-06-13_13:58:14.285,1,1,1,1,2.2200,2.2250,2.2250,2.2250,2.2200,0.0000,2.2200,2.2200,-10.2400,-10.2400,-10.2400,-10.2400,-10.2400,-10.2400,-10.2400,-10.2400
2025-06-13_13:58:15.288,1,1,1,1,2.2250,2.2250,2.2250,2.2250,2.2200,0.0000,2.2200,2.2200,-10.2400,-10.2400,-10.2400,-10.2400,-10.2400,-10.2400,-10.2400,-10.2400
2025-06-13_13:58:16.291,1,1,1,1,2.2250,2.2250,2.2200,2.2250,2.2200,0.0000,2.2200,2.2200,-10.2400,-10.2400,-10.2400,-10.2400,-10.2400,-10.2400,-10.2400,-10.2400
2025-06-13_13:58:17.295,1,1,1,1,2.2250,2.2250,2.2250,2.2250,2.2200,0.0000,2.2200,2.2200,-10.2400,-10.2400,-10.2400,-10.2400,-10.2400,-10.2400,-10.2400,-10.2400
2025-06-13_13:58:18.299,1,1,1,1,2.2200,2.2250,2.2250,2.2250,2.2200,0.0000,2.2200,2.2200,-10.2400,-10.2400,-10.2400,-10.2400,-10.2400,-10.2400,-10.2400,-10.2400
2025-06-13_13:58:19.303,1,1,1,1,2.2250,2.2250,2.2250,2.2250,2.2200,0.0000,2.2200,2.2200,-10.2400,-10.2400,-10.2400,-10.2400,-10.2400,-10.2400,-10.2400,-10.2400
2025-06-13_13:58:20.308,1,1,1,1,2.2200,2.2250,2.2250,2.2250,2.2200,0.0000,2.2200,2.2200,-10.2400,-10.2400,-10.2400,-10.2400,-10.2400,-10.2400,-10.2400,-10.2400
2025-06-13_13:58:21.312,1,1,1,1,2.2200,2.2250,2.2250,2.2250,2.2200,0.0000,2.2200,2.2200,-10.2400,-10.2400,-10.2400,-10.2400,-10.2400,-10.2400,-10.2400,-10.2400
2025-06-13_13:58:22.317,1,1,1,1,2.2250,2.2250,2.2250,2.2250,2.2200,0.0000,2.2200,2.2200,-10.2400,-10.2400,-10.2400,-10.2400,-10.2400,-10.2400,-10.2400,-10.2400
2025-06-13_13:58:23.321,1,1,1,1,2.2250,2.2250,2.2250,2.2250,2.2200,0.0000,2.2200,2.2200,-10.2400,-10.2400,-10.2400,-10.2400,-10.2400,-10.2400,-10.2400,-10.2400
2025-06-13_13:58:24.325,1,1,1,1,2.2200,2.2250,2.2250,2.2250,2.2200,0.0000,2.2200,2.2200,-10.2400,-10.2400,-10.2400,-10.2400,-10.2400,-10.2400,-10.2400,-10.2400
2025-06-13_13:58:25.330,1,1,1,1,2.2200,2.2250,2.2250,2.2250,2.2200,0.0000,2.2200,2.2200,-10.2400,-10.2400,-10.2400,-10.2400,-10.2400,-10.2400,-10.2400,-10.2400
2025-06-13_13:58:26.336,1,1,1,1,2.2250,2.2250,2.2250,2.2250,2.2200,0.0000,2.2200,2.2200,-10.2400,-10.2400,-10.2400,-10.2400,-10.2400,-10.2400,-10.2400,-10.2400
2025-06-13_13:58:27.340,1,1,1,1,2.2200,2.2250,2.2250,2.2250,2.2200,0.0000,2.2200,2.2200,-10.2400,-10.2400,-10.2400,-10.2400,-10.2400,-10.2400,-10.2400,-10.2400
2025-06-13_13:58:28.346,1,1,1,1,2.2200,2.2250,2.2250,2.2250,2.2200,0.0000,2.2200,2.2200,-10.2400,-10.2400,-10.2400,-10.2400,-10.2400,-10.2400,-10.2400,-10.2400
2025-06-13_13:58:29.350,1,1,1,1,2.2200,2.2250,2.2250,2.2250,2.2200,0.0000,2.2200,2.2200,-10.2400,-10.2400,-10.2400,-10.2400,-10.2400,-10.2400,-10.2400,-10.2400
2025-06-13_13:58:30.354,1,1,1,1,2.2200,2.2250,2.2250,2.2250,2.2200,0.0000,2.2200,2.2200,-10.2400,-10.2400,-10.2400,-10.2400,-10.2400,-10.2400,-10.2400,-10.2400
2025-06-13_13:58:31.358,1,1,1,1,2.2250,2.2250,2.2250,2.2250,2.2200,0.0000,2.2200,2.2200,-10.2400,-10.2400,-10.2400,-10.2400,-10.2400,-10.2400,-10.2400,-10.2400
2025-06-13_13:58:32.362,1,1,1,1,2.2200,2.2250,2.2250,2.2250,2.2200,0.0000,2.2200,2.2200,-10.2400,-10.2400,-10.2400,-10.2400,-10.2400,-10.2400,-10.2400,-10.2400
2025-06-13_13:58:33.366,1,1,1,1,2.2250,2.2250,2.2250,2.2250,2.2200,0.0000,2.2200,2.2200,-10.2400,-10.2400,-10.2400,-10.2400,-10.2400,-10.2400,-10.2400,-10.2400
2025-06-13_13:58:34.370,1,1,1,1,2.2200,2.2250,2.2200,2.2250,2.2200,0.0000,2.2200,2.2200,-10.2400,-10.2400,-10.2400,-10.2400,-10.2400,-10.2400,-10.2400,-10.2400
2025-06-13_13:58:35.374,1,1,1,1,2.2250,2.2250,2.2250,2.2250,2.2200,0.0000,2.2200,2.2200,-10.2400,-10.2400,-10.2400,-10.2400,-10.2400,-10.2400,-10.2400,-10.2400
2025-06-13_13:58:36.378,1,1,1,1,2.2250,2.2250,2.2250,2.2250,2.2200,0.0000,2.2200,2.2200,-10.2400,-10.2400,-10.2400,-10.2400,-10.2400,-10.2400,-10.2400,-10.2400
2025-06-13_13:58:37.383,1,1,1,1,2.2200,2.2250,2.2250,2.2250,2.2200,0.0000,2.2200,2.2200,-10.2400,-10.2400,-10.2400,-10.2400,-10.2400,-10.2400,-10.2400,-10.2400
2025-06-13_13:58:38.387,1,1,1,1,2.2200,2.2250,2.2250,2.2250,2.2200,0.0000,2.2200,2.2200,-10.2400,-10.2400,-10.2400,-10.2400,-10.2400,-10.2400,-10.2400,-10.2400
2025-06-13_13:58:39.391,1,1,1,1,2.2200,2.2250,2.2250,2.2250,2.2200,0.0000,2.2200,2.2200,-10.2400,-10.2400,-10.2400,-10.2400,-10.2400,-10.2400,-10.2400,-10.2400
2025-06-13_13:58:40.395,1,1,1,1,2.2200,2.2250,2.2250,2.2250,2.2200,0.0000,2.2200,2.2200,-10.2400,-10.2400,-10.2400,-10.2400,-10.2400,-10.2400,-10.2400,-10.2400
2025-06-13_13:58:41.400,1,1,1,1,2.2250,2.2250,2.2250,2.2250,2.2200,0.0000,2.2200,2.2200,-10.2400,-10.2400,-10.2400,-10.2400,-10.2400,-10.2400,-10.2400,-10.2400
2025-06-13_13:58:42.405,1,1,1,1,2.2200,2.2250,2.2250,2.2250,2.2200,0.0000,2.2200,2.2200,-10.2400,-10.2400,-10.2400,-10.2400,-10.2400,-10.2400,-10.2400,-10.2400
2025-06-13_13:58:43.410,1,1,1,1,2.2200,2.2250,2.2250,2.2250,2.2200,0.0000,2.2200,2.2200,-10.2400,-10.2400,-10.2400,-10.2400,-10.2400,-10.2400,-10.2400,-10.2400
2025-06-13_13:58:44.414,1,1,1,1,2.2200,2.2250,2.2250,2.2250,2.2200,0.0000,2.2200,2.2200,-10.2400,-10.2400,-10.2400,-10.2400,-10.2400,-10.2400,-10.2400,-10.2400
2025-06-13_13:58:45.417,1,1,1,1,2.2200,2.2250,2.2250,2.2250,2.2200,0.0000,2.2200,2.2200,-10.2400,-10.2400,-10.2400,-10.2400,-10.2400,-10.2400,-10.2400,-10.2400
2025-06-13_13:58:46.423,1,1,1,1,2.2200,2.2250,2.2250,2.2250,2.2200,0.0000,2.2200,2.2200,-10.2400,-10.2400,-10.2400,-10.2400,-10.2400,-10.2400,-10.2400,-10.2400
2025-06-13_13:58:47.427,1,1,1,1,2.2250,2.2250,2.2250,2.2250,2.2200,0.0000,2.2200,2.2200,-10.2400,-10.2400,-10.2400,-10.2400,-10.2400,-10.2400,-10.2400,-10.2400
2025-06-13_13:58:48.433,1,1,1,1,2.2200,2.2250,2.2250,2.2250,2.2200,0.0000,2.2200,2.2200,-10.2400,-10.2400,-10.2400,-10.2400,-10.2400,-10.2400,-10.2400,-10.2400
2025-06-13_13:58:49.438,1,1,1,1,2.2200,2.2250,2.2250,2.2250,2.2200,0.0000,2.2200,2.2200,-10.2400,-10.2400,-10.2400,-10.2400,-10.2400,-10.2400,-10.2400,-10.2400
2025-06-13_13:58:50.443,1,1,1,1,2.2200,2.2250,2.2250,2.2250,2.2200,0.0000,2.2200,2.2200,-10.2400,-10.2400,-10.2400,-10.2400,-10.2400,-10.2400,-10.2400,-10.2400
2025-06-13_13:58:51.448,1,1,1,1,2.2200,2.2250,2.2200,2.2250,2.2200,0.0000,2.2200,2.2200,-10.2400,-10.2400,-10.2400,-10.2400,-10.2400,-10.2400,-10.2400,-10.2400
2025-06-13_13:58:52.453,1,1,1,1,2.2200,2.2250,2.2250,2.2250,2.2200,0.0000,2.2200,2.2200,-10.2400,-10.2400,-10.2400,-10.2400,-10.2400,-10.2400,-10.2400,-10.2400
2025-06-13_13:58:53.457,1,1,1,1,2.2200,2.2250,2.2250,2.2250,2.2200,0.0000,2.2200,2.2200,-10.2400,-10.2400,-10.2400,-10.2400,-10.2400,-10.2400,-10.2400,-10.2400
2025-06-13_13:58:54.462,1,1,1,1,2.2250,2.2250,2.2250,2.2250,2.2200,0.0000,2.2200,2.2200,-10.2400,-10.2400,-10.2400,-10.2400,-10.2400,-10.2400,-10.2400,-10.2400
2025-06-13_13:58:55.468,1,1,1,1,2.2200,2.2250,2.2250,2.2250,2.2200,0.0000,2.2200,2.2200,-10.2400,-10.2400,-10.2400,-10.2400,-10.2400,-10.2400,-10.2400,-10.2400
2025-06-13_13:58:56.473,1,1,1,1,2.2200,2.2250,2.2250,2.2250,2.2200,0.0000,2.2200,2.2200,-10.2400,-10.2400,-10.2400,-10.2400,-10.2400,-10.2400,-10.2400,-10.2400
2025-06-13_13:58:57.476,1,1,1,1,2.2200,2.2250,2.2250,2.2250,2.2200,0.0000,2.2200,2.2200,-10.2400,-10.2400,-10.2400,-10.2400,-10.2400,-10.2400,-10.2400,-10.2400
2025-06-13_13:58:58.483,1,1,1,1,2.2250,2.2250,2.2250,2.2250,2.2200,0.0000,2.2200,2.2200,-10.2400,-10.2400,-10.2400,-10.2400,-10.2400,-10.2400,-10.2400,-10.2400
2025-06-13_13:58:59.488,1,1,1,1,2.2200,2.2250,2.2250,2.2250,2.2200,0.0000,2.2200,2.2200,-10.2400,-10.2400,-10.2400,-10.2400,-10.2400,-10.2400,-10.2400,-10.2400
2025-06-13_13:59:00.492,1,1,1,1,2.2200,2.2250,2.2250,2.2250,2.2200,0.0000,2.2200,2.2200,-10.2400,-10.2400,-10.2400,-10.2400,-10.2400,-10.2400,-10.2400,-10.2400
2025-06-13_13:59:01.496,1,1,1,1,2.2200,2.2250,2.2250,2.2250,2.2200,0.0000,2.2200,2.2200,-10.2400,-10.2400,-10.2400,-10.2400,-10.2400,-10.2400,-10.2400,-10.2400
2025-06-13_13:59:02.501,1,1,1,1,2.2200,2.2250,2.2250,2.2250,2.2200,0.0000,2.2200,2.2200,-10.2400,-10.2400,-10.2400,-10.2400,-10.2400,-10.2400,-10.2400,-10.2400
2025-06-13_13:59:03.505,1,1,1,1,2.2250,2.2250,2.2250,2.2250,2.2200,0.0000,2.2200,2.2200,-10.2400,-10.2400,-10.2400,-10.2400,-10.2400,-10.2400,-10.2400,-10.2400
2025-06-13_13:59:04.509,1,1,1,1,2.2250,2.2250,2.2250,2.2250,2.2200,0.0000,2.2200,2.2200,-10.2400,-10.2400,-10.2400,-10.2400,-10.2400,-10.2400,-10.2400,-10.2400
2025-06-13_13:59:05.514,1,1,1,1,2.2200,2.2250,2.2250,2.2250,2.2200,0.0000,2.2200,2.2200,-10.2400,-10.2400,-10.2400,-10.2400,-10.2400,-10.2400,-10.2400,-10.2400
2025-06-13_13:59:06.519,1,1,1,1,2.2250,2.2250,2.2250,2.2250,2.2200,0.0000,2.2200,2.2200,-10.2400,-10.2400,-10.2400,-10.2400,-10.2400,-10.2400,-10.2400,-10.2400
2025-06-13_13:59:07.524,1,1,1,1,2.2200,2.2250,2.2250,2.2250,2.2200,0.0000,2.2200,2.2200,-10.2400,-10.2400,-10.2400,-10.2400,-10.2400,-10.2400,-10.2400,-10.2400
2025-06-13_13:59:08.531,1,1,1,1,2.2250,2.2250,2.2250,2.2250,2.2200,0.0000,2.2200,2.2200,-10.2400,-10.2400,-10.2400,-10.2400,-10.2400,-10.2400,-10.2400,-10.2400
2025-06-13_13:59:09.535,1,1,1,1,2.2200,2.2250,2.2250,2.2250,2.2200,0.0000,2.2200,2.2200,-10.2400,-10.2400,-10.2400,-10.2400,-10.2400,-10.2400,-10.2400,-10.2400
2025-06-13_13:59:10.539,1,1,1,1,2.2200,2.2250,2.2250,2.2250,2.2200,0.0000,2.2200,2.2200,-10.2400,-10.2400,-10.2400,-10.2400,-10.2400,-10.2400,-10.2400,-10.2400
2025-06-13_13:59:11.543,1,1,1,1,2.2200,2.2250,2.2250,2.2250,2.2200,0.0000,2.2200,2.2200,-10.2400,-10.2400,-10.2400,-10.2400,-10.2400,-10.2400,-10.2400,-10.2400
2025-06-13_13:59:12.548,1,1,1,1,2.2250,2.2250,2.2250,2.2250,2.2200,0.0000,2.2200,2.2200,-10.2400,-10.2400,-10.2400,-10.2400,-10.2400,-10.2400,-10.2400,-10.2400
2025-06-13_13:59:13.552,1,1,1,1,2.2200,2.2250,2.2250,2.2250,2.2200,0.0000,2.2200,2.2200,-10.2400,-10.2400,-10.2400,-10.2400,-10.2400,-10.2400,-10.2400,-10.2400
2025-06-13_13:59:14.557,1,1,1,1,2.2250,2.2250,2.2250,2.2250,2.2200,0.0000,2.2200,2.2200,-10.2400,-10.2400,-10.2400,-10.2400,-10.2400,-10.2400,-10.2400,-10.2400
2025-06-13_13:59:15.561,1,1,1,1,2.2200,2.2250,2.2250,2.2250,2.2200,0.0000,2.2200,2.2200,-10.2400,-10.2400,-10.2400,-10.2400,-10.2400,-10.2400,-10.2400,-10.2400
2025-06-13_13:59:16.565,1,1,1,1,2.2200,2.2250,2.2250,2.2250,2.2200,0.0000,2.2200,2.2200,-10.2400,-10.2400,-10.2400,-10.2400,-10.2400,-10.2400,-10.2400,-10.2400
2025-06-13_13:59:17.570,1,1,1,1,2.2200,2.2250,2.2250,2.2250,2.2200,0.0000,2.2200,2.2200,-10.2400,-10.2400,-10.2400,-10.2400,-10.2400,-10.2400,-10.2400,-10.2400
2025-06-13_13:59:18.578,1,1,1,1,2.2200,2.2250,2.2250,2.2250,2.2200,0.0000,2.2200,2.2200,-10.2400,-10.2400,-10.2400,-10.2400,-10.2400,-10.2400,-10.2400,-10.2400
2025-06-13_13:59:19.582,1,1,1,1,2.2250,2.2250,2.2250,2.2250,2.2200,0.0000,2.2200,2.2200,-10.2400,-10.2400,-10.2400,-10.2400,-10.2400,-10.2400,-10.2400,-10.2400
2025-06-13_13:59:20.587,1,1,1,1,2.2250,2.2250,2.2250,2.2250,2.2200,0.0000,2.2200,2.2200,-10.2400,-10.2400,-10.2400,-10.2400,-10.2400,-10.2400,-10.2400,-10.2400
2025-06-13_13:59:21.591,1,1,1,1,2.2250,2.2250,2.2200,2.2250,2.2200,0.0000,2.2200,2.2200,-10.2400,-10.2400,-10.2400,-10.2400,-10.2400,-10.2400,-10.2400,-10.2400
2025-06-13_13:59:22.596,1,1,1,1,2.2250,2.2250,2.2250,2.2250,2.2200,0.0000,2.2200,2.2200,-10.2400,-10.2400,-10.2400,-10.2400,-10.2400,-10.2400,-10.2400,-10.2400
2025-06-13_13:59:23.601,1,1,1,1,2.2200,2.2250,2.2250,2.2250,2.2200,0.0000,2.2200,2.2200,-10.2400,-10.2400,-10.2400,-10.2400,-10.2400,-10.2400,-10.2400,-10.2400
2025-06-13_13:59:24.606,1,1,1,1,2.2200,2.2250,2.2250,2.2250,2.2200,0.0000,2.2200,2.2200,-10.2400,-10.2400,-10.2400,-10.2400,-10.2400,-10.2400,-10.2400,-10.2400
2025-06-13_13:59:25.610,1,1,1,1,2.2200,2.2250,2.2250,2.2250,2.2200,0.0000,2.2200,2.2200,-10.2400,-10.2400,-10.2400,-10.2400,-10.2400,-10.2400,-10.2400,-10.2400
2025-06-13_13:59:26.615,1,1,1,1,2.2250,2.2250,2.2250,2.2250,2.2200,0.0000,2.2200,2.2200,-10.2400,-10.2400,-10.2400,-10.2400,-10.2400,-10.2400,-10.2400,-10.2400
2025-06-13_13:59:27.620,1,1,1,1,2.2200,2.2250,2.2250,2.2250,2.2200,0.0000,2.2200,2.2200,-10.2400,-10.2400,-10.2400,-10.2400,-10.2400,-10.2400,-10.2400,-10.2400
2025-06-13_13:59:28.626,1,1,1,1,2.2200,2.2250,2.2250,2.2250,2.2200,0.0000,2.2200,2.2200,-10.2400,-10.2400,-10.2400,-10.2400,-10.2400,-10.2400,-10.2400,-10.2400
2025-06-13_13:59:29.631,1,1,1,1,2.2200,2.2250,2.2200,2.2250,2.2200,0.0000,2.2200,2.2200,-10.2400,-10.2400,-10.2400,-10.2400,-10.2400,-10.2400,-10.2400,-10.2400
2025-06-13_13:59:30.635,1,1,1,1,2.2200,2.2250,2.2250,2.2250,2.2200,0.0000,2.2200,2.2200,-10.2400,-10.2400,-10.2400,-10.2400,-10.2400,-10.2400,-10.2400,-10.2400
2025-06-13_13:59:31.639,1,1,1,1,2.2200,2.2250,2.2250,2.2250,2.2200,0.0000,2.2200,2.2200,-10.2400,-10.2400,-10.2400,-10.2400,-10.2400,-10.2400,-10.2400,-10.2400
2025-06-13_13:59:32.642,1,1,1,1,2.2200,2.2250,2.2250,2.2250,2.2200,0.0000,2.2200,2.2200,-10.2400,-10.2400,-10.2400,-10.2400,-10.2400,-10.2400,-10.2400,-10.2400
2025-06-13_13:59:33.647,1,1,1,1,2.2200,2.2250,2.2250,2.2250,2.2200,0.0000,2.2200,2.2200,-10.2400,-10.2400,-10.2400,-10.2400,-10.2400,-10.2400,-10.2400,-10.2400
2025-06-13_13:59:34.651,1,1,1,1,2.2200,2.2250,2.2250,2.2250,2.2200,0.0000,2.2200,2.2200,-10.2400,-10.2400,-10.2400,-10.2400,-10.2400,-10.2400,-10.2400,-10.2400
2025-06-13_13:59:35.654,1,1,1,1,2.2200,2.2250,2.2250,2.2250,2.2200,0.0000,2.2200,2.2200,-10.2400,-10.2400,-10.2400,-10.2400,-10.2400,-10.2400,-10.2400,-10.2400
2025-06-13_13:59:36.658,1,1,1,1,2.2250,2.2250,2.2250,2.2250,2.2200,0.0000,2.2200,2.2200,-10.2400,-10.2400,-10.2400,-10.2400,-10.2400,-10.2400,-10.2400,-10.2400
2025-06-13_13:59:37.662,1,1,1,1,2.2200,2.2250,2.2250,2.2250,2.2200,0.0000,2.2200,2.2200,-10.2400,-10.2400,-10.2400,-10.2400,-10.2400,-10.2400,-10.2400,-10.2400
2025-06-13_13:59:38.667,1,1,1,1,2.2200,2.2250,2.2200,2.2250,2.2200,0.0000,2.2200,2.2200,-10.2400,-10.2400,-10.2400,-10.2400,-10.2400,-10.2400,-10.2400,-10.2400
2025-06-13_13:59:39.672,1,1,1,1,2.2250,2.2250,2.2250,2.2250,2.2200,0.0000,2.2200,2.2200,-10.2400,-10.2400,-10.2400,-10.2400,-10.2400,-10.2400,-10.2400,-10.2400
2025-06-13_13:59:40.677,1,1,1,1,2.2250,2.2250,2.2250,2.2250,2.2200,0.0000,2.2200,2.2200,-10.2400,-10.2400,-10.2400,-10.2400,-10.2400,-10.2400,-10.2400,-10.2400
2025-06-13_13:59:41.681,1,1,1,1,2.2200,2.2250,2.2250,2.2250,2.2200,0.0000,2.2200,2.2200,-10.2400,-10.2400,-10.2400,-10.2400,-10.2400,-10.2400,-10.2400,-10.2400
2025-06-13_13:59:42.687,1,1,1,1,2.2250,2.2250,2.2250,2.2250,2.2200,0.0000,2.2200,2.2200,-10.2400,-10.2400,-10.2400,-10.2400,-10.2400,-10.2400,-10.2400,-10.2400
2025-06-13_13:59:43.692,1,1,1,1,2.2200,2.2250,2.2250,2.2250,2.2200,0.0000,2.2200,2.2200,-10.2400,-10.2400,-10.2400,-10.2400,-10.2400,-10.2400,-10.2400,-10.2400
2025-06-13_13:59:44.696,1,1,1,1,2.2200,2.2250,2.2250,2.2250,2.2200,0.0000,2.2200,2.2200,-10.2400,-10.2400,-10.2400,-10.2400,-10.2400,-10.2400,-10.2400,-10.2400
2025-06-13_13:59:45.700,1,1,1,1,2.2200,2.2250,2.2250,2.2250,2.2200,0.0000,2.2200,2.2200,-10.2400,-10.2400,-10.2400,-10.2400,-10.2400,-10.2400,-10.2400,-10.2400
2025-06-13_13:59:46.705,1,1,1,1,2.2200,2.2250,2.2200,2.2250,2.2200,0.0000,2.2200,2.2200,-10.2400,-10.2400,-10.2400,-10.2400,-10.2400,-10.2400,-10.2400,-10.2400
2025-06-13_13:59:47.710,1,1,1,1,2.2200,2.2250,2.2250,2.2250,2.2200,0.0000,2.2200,2.2200,-10.2400,-10.2400,-10.2400,-10.2400,-10.2400,-10.2400,-10.2400,-10.2400
2025-06-13_13:59:48.716,1,1,1,1,2.2200,2.2250,2.2250,2.2250,2.2200,0.0000,2.2200,2.2200,-10.2400,-10.2400,-10.2400,-10.2400,-10.2400,-10.2400,-10.2400,-10.2400
2025-06-13_13:59:49.721,1,1,1,1,2.2200,2.2250,2.2200,2.2250,2.2200,0.0000,2.2200,2.2200,-10.2400,-10.2400,-10.2400,-10.2400,-10.2400,-10.2400,-10.2400,-10.2400
2025-06-13_13:59:50.724,1,1,1,1,2.2200,2.2250,2.2250,2.2250,2.2200,0.0000,2.2200,2.2200,-10.2400,-10.2400,-10.2400,-10.2400,-10.2400,-10.2400,-10.2400,-10.2400
2025-06-13_13:59:51.728,1,1,1,1,2.2200,2.2250,2.2250,2.2250,2.2200,0.0000,2.2200,2.2200,-10.2400,-10.2400,-10.2400,-10.2400,-10.2400,-10.2400,-10.2400,-10.2400
2025-06-13_13:59:52.733,1,1,1,1,2.2200,2.2250,2.2250,2.2250,2.2200,0.0000,2.2200,2.2200,-10.2400,-10.2400,-10.2400,-10.2400,-10.2400,-10.2400,-10.2400,-10.2400
2025-06-13_13:59:53.737,1,1,1,1,2.2200,2.2250,2.2250,2.2250,2.2200,0.0000,2.2200,2.2200,-10.2400,-10.2400,-10.2400,-10.2400,-10.2400,-10.2400,-10.2400,-10.2400
2025-06-13_13:59:54.742,1,1,1,1,2.2200,2.2250,2.2250,2.2250,2.2200,0.0000,2.2200,2.2200,-10.2400,-10.2400,-10.2400,-10.2400,-10.2400,-10.2400,-10.2400,-10.2400
2025-06-13_13:59:55.746,1,1,1,1,2.2250,2.2250,2.2250,2.2250,2.2200,0.0000,2.2200,2.2200,-10.2400,-10.2400,-10.2400,-10.2400,-10.2400,-10.2400,-10.2400,-10.2400
2025-06-13_13:59:56.750,1,1,1,1,2.2200,2.2250,2.2250,2.2250,2.2200,0.0000,2.2200,2.2200,-10.2400,-10.2400,-10.2400,-10.2400,-10.2400,-10.2400,-10.2400,-10.2400
2025-06-13_13:59:57.755,1,1,1,1,2.2200,2.2250,2.2250,2.2250,2.2200,0.0000,2.2200,2.2200,-10.2400,-10.2400,-10.2400,-10.2400,-10.2400,-10.2400,-10.2400,-10.2400
2025-06-13_13:59:58.760,1,1,1,1,2.2200,2.2250,2.2250,2.2250,2.2200,0.0000,2.2200,2.2200,-10.2400,-10.2400,-10.2400,-10.2400,-10.2400,-10.2400,-10.2400,-10.2400
2025-06-13_13:59:59.764,1,1,1,1,2.2200,2.2250,2.2250,2.2250,2.2200,0.0000,2.2200,2.2200,-10.2400,-10.2400,-10.2400,-10.2400,-10.2400,-10.2400,-10.2400,-10.2400
2025-06-13_14:00:00.768,1,1,1,1,2.2200,2.2250,2.2250,2.2250,2.2200,0.0000,2.2200,2.2200,-10.2400,-10.2400,-10.2400,-10.2400,-10.2400,-10.2400,-10.2400,-10.2400
